date,game,session,winning_numbers,bonus_ball,powerball,megaball
2005-01-04,Powerball,Eve,1 4 3 6 7,12.0,,
2005-01-07,Powerball,Eve,1 7 2 8 14,15.0,,
2005-01-25,Powerball,Eve,1 25 2 10 21,25.0,,
2005-02-08,Powerball,Eve,2 8 8 11 14,23.0,,
2005-02-11,Powerball,Eve,2 11 6 14 21,24.0,,
2005-02-15,Powerball,Eve,2 15 3 16 20,21.0,,
2005-03-08,Powerball,Eve,3 8 8 14 15,22.0,,
2005-07-29,Powerball,Eve,7 29 4 16 23,25.0,,
2005-08-16,Powerball,Eve,8 16 9 15 20,24.0,,
2005-08-23,Powerball,Eve,8 23 6 7 8,13.0,,
2005-10-14,Powerball,Eve,10 14 6 20 24,25.0,,
2005-11-08,Powerball,Eve,11 8 8 16 21,25.0,,
2005-12-13,Powerball,Eve,12 13 9 10 12,22.0,,
2006-01-27,Powerball,Eve,1 27 2 7 8,18.0,,
2006-02-24,Powerball,Eve,2 24 3 5 12,16.0,,
2006-06-09,Powerball,Eve,6 9 8 17 18,26.0,,
2006-06-13,Powerball,Eve,6 13 1 20 23,24.0,,
2006-08-08,Powerball,Eve,8 8 1 5 13,18.0,,
2006-08-22,Powerball,Eve,8 22 3 4 5,7.0,,
2006-09-22,Powerball,Eve,9 22 7 12 17,22.0,,
2006-10-06,Powerball,Eve,10 6 1 11 20,21.0,,
2006-11-03,Powerball,Eve,11 3 8 10 22,25.0,,
2006-11-14,Powerball,Eve,11 14 9 20 24,25.0,,
2006-12-22,Powerball,Eve,12 22 5 12 15,25.0,,
2007-01-23,Powerball,Eve,1 23 3 5 15,26.0,,
2007-04-10,Powerball,Eve,4 10 7 15 16,19.0,,
2007-04-13,Powerball,Eve,4 13 11 14 21,25.0,,
2007-04-20,Powerball,Eve,4 20 1 9 10,23.0,,
2007-05-22,Powerball,Eve,5 22 2 7 11,22.0,,
2007-06-15,Powerball,Eve,6 15 1 5 16,26.0,,
2007-06-22,Powerball,Eve,6 22 11 14 21,24.0,,
2007-07-06,Powerball,Eve,7 6 3 9 12,25.0,,
2007-07-24,Powerball,Eve,7 24 8 17 20,23.0,,
2007-08-14,Powerball,Eve,8 14 5 8 9,24.0,,
2007-09-11,Powerball,Eve,9 11 9 10 17,21.0,,
2007-09-28,Powerball,Eve,9 28 4 13 20,25.0,,
2007-10-19,Powerball,Eve,10 19 5 15 18,23.0,,
2007-11-30,Powerball,Eve,11 30 5 6 12,26.0,,
2007-12-14,Powerball,Eve,12 14 4 7 12,17.0,,
2008-01-22,Powerball,Eve,1 22 12 15 22,25.0,,
2008-02-22,Powerball,Eve,2 22 7 12 13,19.0,,
2008-02-29,Powerball,Eve,2 29 5 17 22,26.0,,
2008-03-14,Powerball,Eve,3 14 3 12 18,25.0,,
2008-03-18,Powerball,Eve,3 18 13 15 20,25.0,,
2008-03-21,Powerball,Eve,3 21 5 8 17,19.0,,
2008-05-23,Powerball,Eve,5 23 4 8 11,22.0,,
2008-07-04,Powerball,Eve,7 4 1 3 12,19.0,,
2008-08-01,Powerball,Eve,8 1 9 13 17,18.0,,
2008-08-19,Powerball,Eve,8 19 9 18 19,26.0,,
2008-09-12,Powerball,Eve,9 12 1 12 14,25.0,,
2009-01-02,Powerball,Eve,1 2 2 11 19,21.0,,
2009-01-06,Powerball,Eve,1 6 3 11 12,19.0,,
2009-01-27,Powerball,Eve,1 27 3 11 12,14.0,,
2009-04-07,Powerball,Eve,4 7 2 4 13,17.0,,
2009-05-12,Powerball,Eve,5 12 4 8 10,14.0,,
2009-05-19,Powerball,Eve,5 19 2 4 9,15.0,,
2009-06-16,Powerball,Eve,6 16 9 15 21,26.0,,
2009-06-19,Powerball,Eve,6 19 4 9 12,16.0,,
2009-07-03,Powerball,Eve,7 3 5 6 7,11.0,,
2009-07-28,Powerball,Eve,7 28 4 17 24,25.0,,
2009-08-25,Powerball,Eve,8 25 3 12 19,22.0,,
2009-09-04,Powerball,Eve,9 4 2 4 6,21.0,,
2009-10-09,Powerball,Eve,10 9 3 14 21,24.0,,
2009-11-20,Powerball,Eve,11 20 3 4 7,16.0,,
2010-01-15,Powerball,Eve,1 15 4 7 19,21.0,,
2010-01-29,Powerball,Eve,1 29 1 10 22,23.0,,
2010-02-09,Powerball,Eve,2 9 2 17 20,26.0,,
2010-02-17,Powerball,Eve,2 17 7 8 19,26.0,,
2010-03-09,Powerball,Eve,3 9 14 16 18,19.0,,
2010-05-21,Powerball,Eve,5 21 15 20 23,26.0,,
2010-05-25,Powerball,Eve,5 25 5 14 17,19.0,,
2010-05-26,Powerball,Eve,5 26 1 6 10,13.0,,
2010-06-04,Powerball,Eve,6 4 12 13 15,17.0,,
2010-06-15,Powerball,Eve,6 15 4 12 13,21.0,,
2010-06-22,Powerball,Eve,6 22 12 17 21,23.0,,
2010-06-25,Powerball,Eve,6 25 1 2 13,19.0,,
2010-07-13,Powerball,Eve,7 13 7 11 14,15.0,,
2010-07-16,Powerball,Eve,7 16 2 15 18,20.0,,
2010-07-27,Powerball,Eve,7 27 2 7 10,16.0,,
2010-07-28,Powerball,Eve,7 28 1 11 20,25.0,,
2010-08-03,Powerball,Eve,8 3 4 13 20,22.0,,
2010-08-11,Powerball,Eve,8 11 7 10 22,23.0,,
2010-08-21,Powerball,Eve,8 21 7 10 12,22.0,,
2010-09-07,Powerball,Eve,9 7 8 18 22,24.0,,
2010-09-10,Powerball,Eve,9 10 11 12 17,21.0,,
2010-09-17,Powerball,Eve,9 17 3 4 14,18.0,,
2010-10-16,Powerball,Eve,10 16 11 12 15,16.0,,
2010-10-23,Powerball,Eve,10 23 2 7 16,20.0,,
2010-11-02,Powerball,Eve,11 2 1 3 12,16.0,,
2010-12-01,Powerball,Eve,12 1 5 10 11,12.0,,
2010-12-03,Powerball,Eve,12 3 6 11 12,18.0,,
2010-12-11,Powerball,Eve,12 11 1 8 10,19.0,,
2010-12-29,Powerball,Eve,12 29 3 16 18,20.0,,
2011-01-04,Powerball,Eve,1 4 4 8 15,25.0,,
2011-01-11,Powerball,Eve,1 11 1 4 11,16.0,,
2011-01-15,Powerball,Eve,1 15 9 13 22,23.0,,
2011-02-01,Powerball,Eve,2 1 16 22 23,26.0,,
2011-02-16,Powerball,Eve,2 16 9 13 21,23.0,,
2011-02-25,Powerball,Eve,2 25 4 5 17,19.0,,
2011-02-26,Powerball,Eve,2 26 4 13 17,21.0,,
2011-03-01,Powerball,Eve,3 1 1 12 19,20.0,,
2011-03-04,Powerball,Eve,3 4 8 10 15,23.0,,
2011-03-26,Powerball,Eve,3 26 4 10 11,19.0,,
2011-05-17,Powerball,Eve,5 17 1 2 17,25.0,,
2011-07-05,Powerball,Eve,7 5 1 10 13,18.0,,
2011-07-09,Powerball,Eve,7 9 1 9 11,23.0,,
2011-07-19,Powerball,Eve,7 19 2 9 10,16.0,,
2011-08-02,Powerball,Eve,8 2 14 17 19,20.0,,
2011-09-09,Powerball,Eve,9 9 7 12 19,23.0,,
2011-10-07,Powerball,Eve,10 7 5 15 19,23.0,,
2011-12-13,Powerball,Eve,12 13 5 6 22,26.0,,
2011-12-23,Powerball,Eve,12 23 3 5 8,18.0,,
2012-01-03,Powerball,Eve,1 3 2 3 15,22.0,,
2012-02-14,Powerball,Eve,2 14 3 5 10,26.0,,
2012-02-24,Powerball,Eve,2 24 1 16 18,25.0,,
2012-02-29,Powerball,Eve,2 29 1 4 11,23.0,,
2012-03-10,Powerball,Eve,3 10 5 14 17,20.0,,
2012-03-20,Powerball,Eve,3 20 1 4 6,11.0,,
2012-03-23,Powerball,Eve,3 23 6 17 19,20.0,,
2012-04-06,Powerball,Eve,4 6 2 19 20,24.0,,
2012-04-07,Powerball,Eve,4 7 5 13 17,20.0,,
2012-04-14,Powerball,Eve,4 14 14 15 16,19.0,,
2012-05-08,Powerball,Eve,5 8 2 6 8,18.0,,
2012-05-15,Powerball,Eve,5 15 10 11 12,14.0,,
2012-06-16,Powerball,Eve,6 16 8 14 15,16.0,,
2012-07-10,Powerball,Eve,7 10 3 11 19,23.0,,
2012-07-13,Powerball,Eve,7 13 6 7 13,24.0,,
2012-07-18,Powerball,Eve,7 18 2 5 20,23.0,,
2012-07-27,Powerball,Eve,7 27 2 3 4,8.0,,
2012-08-08,Powerball,Eve,8 8 3 7 11,15.0,,
2012-08-21,Powerball,Eve,8 21 5 13 20,23.0,,
2012-08-25,Powerball,Eve,8 25 1 6 7,20.0,,
2012-10-09,Powerball,Eve,10 9 6 15 16,22.0,,
2012-10-12,Powerball,Eve,10 12 6 10 24,26.0,,
2012-10-13,Powerball,Eve,10 13 2 5 25,26.0,,
2012-10-17,Powerball,Eve,10 17 1 7 10,23.0,,
2012-10-24,Powerball,Eve,10 24 3 18 21,23.0,,
2012-11-28,Powerball,Eve,11 28 5 16 22,23.0,,
2012-12-18,Powerball,Eve,12 18 1 6 7,18.0,,
2012-12-19,Powerball,Eve,12 19 5 8 20,23.0,,
2013-01-01,Powerball,Eve,1 1 4 11 21,25.0,,
2013-01-04,Powerball,Eve,1 4 1 2 23,25.0,,
2013-01-12,Powerball,Eve,1 12 10 14 21,23.0,,
2013-01-15,Powerball,Eve,1 15 1 6 12,19.0,,
2013-02-05,Powerball,Eve,2 5 2 5 10,26.0,,
2013-02-20,Powerball,Eve,2 20 3 17 19,25.0,,
2013-02-26,Powerball,Eve,2 26 6 7 13,15.0,,
2013-03-12,Powerball,Eve,3 12 9 12 19,20.0,,
2013-03-15,Powerball,Eve,3 15 4 8 17,22.0,,
2013-03-19,Powerball,Eve,3 19 3 6 14,21.0,,
2013-04-03,Powerball,Eve,4 3 1 6 8,12.0,,
2013-04-12,Powerball,Eve,4 12 1 10 13,19.0,,
2013-04-16,Powerball,Eve,4 16 2 5 15,18.0,,
2013-04-19,Powerball,Eve,4 19 6 8 12,22.0,,
2013-05-07,Powerball,Eve,5 7 1 6 13,20.0,,
2013-05-11,Powerball,Eve,5 11 6 13 19,23.0,,
2013-05-18,Powerball,Eve,5 18 10 13 14,22.0,,
2013-05-24,Powerball,Eve,5 24 4 5 16,18.0,,
2013-05-25,Powerball,Eve,5 25 2 6 19,21.0,,
2013-06-04,Powerball,Eve,6 4 10 11 12,20.0,,
2013-06-08,Powerball,Eve,6 8 2 11 22,26.0,,
2013-08-02,Powerball,Eve,8 2 8 21 23,25.0,,
2013-08-23,Powerball,Eve,8 23 1 9 17,20.0,,
2013-08-28,Powerball,Eve,8 28 6 7 9,19.0,,
2013-09-06,Powerball,Eve,9 6 2 16 17,22.0,,
2013-09-07,Powerball,Eve,9 7 2 19 22,26.0,,
2013-09-20,Powerball,Eve,9 20 1 15 20,21.0,,
2013-10-04,Powerball,Eve,10 4 4 16 24,25.0,,
2013-10-08,Powerball,Eve,10 8 6 15 19,23.0,,
2013-11-06,Powerball,Eve,11 6 1 5 10,15.0,,
2013-12-11,Powerball,Eve,12 11 1 10 13,18.0,,
2013-12-17,Powerball,Eve,12 17 8 14 17,20.0,,
2014-01-15,Powerball,Eve,1 15 7 8 9,24.0,,
2014-01-22,Powerball,Eve,1 22 1 2 7,9.0,,
2014-02-15,Powerball,Eve,2 15 2 9 14,21.0,,
2014-02-22,Powerball,Eve,2 22 2 3 13,14.0,,
2014-03-05,Powerball,Eve,3 5 3 7 9,26.0,,
2014-04-02,Powerball,Eve,4 2 8 13 19,22.0,,
2014-04-25,Powerball,Eve,4 25 3 11 18,20.0,,
2014-04-30,Powerball,Eve,4 30 2 9 11,19.0,,
2014-06-04,Powerball,Eve,6 4 1 7 10,22.0,,
2014-06-10,Powerball,Eve,6 10 2 10 24,26.0,,
2014-07-12,Powerball,Eve,7 12 2 3 7,23.0,,
2014-07-16,Powerball,Eve,7 16 5 15 18,26.0,,
2014-07-23,Powerball,Eve,7 23 4 10 12,22.0,,
2014-09-05,Powerball,Eve,9 5 7 12 20,24.0,,
2014-09-24,Powerball,Eve,9 24 7 14 21,24.0,,
2014-10-01,Powerball,Eve,10 1 1 4 18,20.0,,
2014-10-04,Powerball,Eve,10 4 13 18 24,25.0,,
2014-11-01,Powerball,Eve,11 1 1 3 13,25.0,,
2014-11-05,Powerball,Eve,11 5 2 11 19,21.0,,
2014-12-26,Powerball,Eve,12 26 2 5 10,20.0,,
2014-12-27,Powerball,Eve,12 27 7 10 11,14.0,,
2015-01-31,Powerball,Eve,1 31 5 11 16,26.0,,
2015-03-28,Powerball,Eve,3 28 2 4 6,12.0,,
2015-04-07,Powerball,Eve,4 7 5 15 22,26.0,,
2015-05-22,Powerball,Eve,5 22 3 14 15,25.0,,
2015-06-02,Powerball,Eve,6 2 2 9 11,22.0,,
2015-06-09,Powerball,Eve,6 9 6 16 17,25.0,,
2015-06-20,Powerball,Eve,6 20 9 10 16,20.0,,
2015-06-24,Powerball,Eve,6 24 3 5 10,22.0,,
2015-07-04,Powerball,Eve,7 4 3 6 14,18.0,,
2015-08-05,Powerball,Eve,8 5 9 11 14,16.0,,
2015-08-22,Powerball,Eve,8 22 4 12 14,21.0,,
2015-09-12,Powerball,Eve,9 12 2 3 13,16.0,,
2015-11-04,Powerball,Eve,11 4 2 12 17,20.0,,
2015-11-17,Powerball,Eve,11 17 12 14 18,24.0,,
2016-02-13,Powerball,Eve,2 13 7 15 18,19.0,,
2016-02-20,Powerball,Eve,2 20 11 12 15,16.0,,
2016-02-27,Powerball,Eve,2 27 10 11 21,22.0,,
2016-03-23,Powerball,Eve,3 23 5 8 15,22.0,,
2016-05-21,Powerball,Eve,5 21 5 7 9,23.0,,
2016-07-22,Powerball,Eve,7 22 8 24 25,26.0,,
2016-07-30,Powerball,Eve,7 30 11 17 21,23.0,,
2016-09-23,Powerball,Eve,9 23 1 5 8,25.0,,
2016-11-30,Powerball,Eve,11 30 3 14 18,25.0,,
2017-01-11,Powerball,Eve,1 11 1 3 13,16.0,,
2017-02-04,Powerball,Eve,2 4 6 13 16,17.0,,
2017-03-04,Powerball,Eve,3 4 2 18 19,22.0,,
2017-04-26,Powerball,Eve,4 26 1 15 18,26.0,,
2017-04-28,Powerball,Eve,4 28 6 13 18,20.0,,
2017-05-19,Powerball,Eve,5 19 1 4 5,24.0,,
2017-07-12,Powerball,Eve,7 12 1 2 18,23.0,,
2017-07-31,Powerball,Eve,7 31 10 26 7,9.0,,
2017-08-23,Powerball,Eve,8 23 6 7 16,23.0,,
2017-09-08,Powerball,Eve,9 8 4 5 14,26.0,,
2017-09-16,Powerball,Eve,9 16 17 18 24,25.0,,
2017-09-27,Powerball,Eve,9 27 8 10 21,23.0,,
2017-10-03,Powerball,Eve,10 3 12 18 19,25.0,,
2017-10-11,Powerball,Eve,10 11 1 3 13,19.0,,
2017-10-13,Powerball,Eve,10 13 2 7 18,26.0,,
2017-11-01,Powerball,Eve,11 1 3 6 19,26.0,,
2017-11-08,Powerball,Eve,11 8 12 14 20,21.0,,
2017-11-14,Powerball,Eve,11 14 1 14 21,22.0,,
2017-12-12,Powerball,Eve,12 12 8 23 24,25.0,,
2017-12-23,Powerball,Eve,12 23 1 3 13,15.0,,
2018-01-01,Powerball,Eve,1 1 1 12 31,1.0,,
2018-02-02,Powerball,Eve,2 2 1 4 14,17.0,,
2018-02-20,Powerball,Eve,2 20 17 19 23,24.0,,
2018-02-23,Powerball,Eve,2 23 7 11 13,19.0,,
2018-04-18,Powerball,Eve,4 18 9 10 12,17.0,,
2018-05-04,Powerball,Eve,5 4 4 5 10,12.0,,
2018-05-16,Powerball,Eve,5 16 17 19 21,22.0,,
2018-05-19,Powerball,Eve,5 19 3 6 9,17.0,,
2018-06-09,Powerball,Eve,6 9 6 10 15,25.0,,
2018-06-12,Powerball,Eve,6 12 1 3 5,8.0,,
2018-07-24,Powerball,Eve,7 24 1 2 4,19.0,,
2018-08-07,Powerball,Eve,8 7 2 13 15,21.0,,
2018-08-10,Powerball,Eve,8 10 1 3 12,22.0,,
2018-08-24,Powerball,Eve,8 24 1 6 13,18.0,,
2018-09-15,Powerball,Eve,9 15 2 18 19,24.0,,
2018-10-27,Powerball,Eve,10 27 8 12 13,19.0,,
2018-12-05,Powerball,Eve,32 12 5 12 7,8.0,,
2019-01-01,Powerball,Eve,1 1 8 15 2,18.0,,
2019-01-26,Powerball,Eve,1 26 8 12 20,21.0,,
2019-02-09,Powerball,Eve,2 9 1 2 3,7.0,,
2019-02-13,Powerball,Eve,2 13 2 8 14,24.0,,
2019-02-23,Powerball,Eve,2 23 4 6 14,20.0,,
2019-02-26,Powerball,Eve,2 26 10 12 14,24.0,,
2019-06-15,Powerball,Eve,6 15 8 11 14,16.0,,
2019-06-18,Powerball,Eve,6 18 12 14 22,24.0,,
2019-06-19,Powerball,Eve,6 19 4 18 21,26.0,,
2019-06-22,Powerball,Eve,6 22 3 6 11,14.0,,
2019-06-26,Powerball,Eve,6 26 1 5 16,22.0,,
2019-08-16,Powerball,Eve,8 16 4 14 24,26.0,,
2019-08-24,Powerball,Eve,8 24 5 12 20,21.0,,
2019-09-06,Powerball,Eve,9 6 4 11 13,19.0,,
2019-10-08,Powerball,Eve,10 8 5 8 10,17.0,,
2019-10-22,Powerball,Eve,10 22 5 11 14,23.0,,
2019-12-30,Powerball,Eve,12 30 10 8 31,7.0,,
2020-01-04,Powerball,Eve,1 4 1 11 21,25.0,,
2020-01-13,Powerball,Eve,1 13 7 8 16,20.0,,
2020-01-15,Powerball,Eve,1 15 14 16 18,25.0,,
2020-01-16,Powerball,Eve,1 16 1 1 16,10.0,,
2020-01-24,Powerball,Eve,1 24 3 4 18,23.0,,
2020-01-28,Powerball,Eve,1 28 4 9 18,20.0,,
2020-01-31,Powerball,,28 31 33 57 62,,19,
2020-02-04,Powerball,Eve,2 4 8 18 20,22.0,,
2020-02-06,Powerball,Eve,2 6 4 5 8,25.0,,
2020-02-07,Powerball,,09 14 27 36 52,,4,
2020-02-10,Powerball,Eve,2 10 5 7 21,22.0,,
2020-02-11,Powerball,,04 06 32 52 64,,6,
2020-02-14,Powerball,,10 32 48 54 55,,18,
2020-02-18,Powerball,,06 12 39 61 70,,4,
2020-02-19,Powerball,Eve,2 19 10 12 15,19.0,,
2020-02-21,Powerball,Eve,2 21 4 7 13,16.0,,
2020-02-22,Powerball,,25 37 39 61 62,,11,
2020-02-25,Powerball,,02 09 43 49 63,,15,
2020-02-26,Powerball,,08 27 29 36 47,,24,
2020-02-28,Powerball,,02 03 14 41 64,,17,
2020-02-29,Powerball,,24 44 46 50 51,,13,
2020-03-03,Powerball,,08 12 33 56 64,,2,
2020-03-04,Powerball,Eve,3 4 8 12 17,21.0,,
2020-03-06,Powerball,,15 48 56 58 70,,4,
2020-03-07,Powerball,,07 15 21 33 62,,23,
2020-03-09,Powerball,Eve,3 9 3 4 13,23.0,,
2020-03-10,Powerball,,06 17 48 54 69,,12,
2020-03-11,Powerball,,04 29 49 50 67,,2,
2020-03-13,Powerball,Eve,3 13 35 3 16,4.0,,
2020-03-14,Powerball,Eve,3 14 3 14 3,14.0,,
2020-03-16,Powerball,Eve,3 16 4 6 6,24.0,,
2020-03-17,Powerball,,20 27 28 58 59,,25,
2020-03-18,Powerball,Eve,3 18 5 14 18,23.0,,
2020-03-20,Powerball,Eve,3 20 13 14 16,24.0,,
2020-03-21,Powerball,,02 23 40 59 69,,13,
2020-03-24,Powerball,Eve,3 24 2 8 16,18.0,,
2020-03-25,Powerball,,05 09 27 39 42,,16,
2020-03-26,Powerball,Eve,3 26 5 1 68,8.0,,
2020-03-27,Powerball,Eve,3 27 15 3 27,10.0,,
2020-03-28,Powerball,,07 40 48 55 66,,11,
2020-03-31,Powerball,Eve,3 31 4 2 1,7.0,,
2020-04-01,Powerball,Eve,4 1 30 4 1,20.0,,
2020-04-02,Powerball,Eve,4 2 10 17 22,24.0,,
2020-04-03,Powerball,,24 38 44 57 58,,17,
2020-04-04,Powerball,,08 31 39 40 43,,4,
2020-04-06,Powerball,Eve,4 6 25 4 2,1.0,,
2020-04-07,Powerball,,25 33 43 51 68,,20,
2020-04-08,Powerball,,02 37 39 48 54,,5,
2020-04-09,Powerball,Eve,4 9 1 4 22,25.0,,
2020-04-10,Powerball,,02 11 21 57 60,,13,
2020-04-11,Powerball,,22 29 30 42 47,,17,
2020-04-14,Powerball,,29 47 65 69 70,,7,
2020-04-15,Powerball,,10 12 33 36 41,,2,
2020-04-16,Powerball,Eve,4 16 6 12 18,20.0,,
2020-04-17,Powerball,,13 35 39 46 55,,14,
2020-04-18,Powerball,,04 44 46 56 63,,19,
2020-04-20,Powerball,Eve,4 20 11 17 20,22.0,,
2020-04-21,Powerball,,13 15 24 67 70,,17,
2020-04-22,Powerball,,01 33 35 40 69,,24,
2020-04-24,Powerball,,01 27 32 60 67,,18,
2020-04-25,Powerball,,01 03 21 47 57,,18,
2020-04-28,Powerball,,13 19 53 54 63,,17,
2020-04-29,Powerball,,02 20 49 61 67,,20,
2020-05-01,Powerball,,28 30 31 35 66,,14,
2020-05-02,Powerball,,13 16 33 58 68,,24,
2020-05-04,Powerball,Eve,5 4 3 6 14,18.0,,
2020-05-05,Powerball,Eve,5 5 25 5 4,5.0,,
2020-05-06,Powerball,,07 08 35 50 65,,20,
2020-05-08,Powerball,,05 20 22 61 70,,4,
2020-05-09,Powerball,,12 18 42 48 65,,19,
2020-05-12,Powerball,Eve,5 12 13 14 16,23.0,,
2020-05-13,Powerball,Eve,5 13 1 9 40,9.0,,
2020-05-15,Powerball,Eve,5 15 2 7 23,26.0,,
2020-05-16,Powerball,,08 12 26 39 42,,11,
2020-05-17,Powerball,Eve,5 17 4 7 19,26.0,,
2020-05-19,Powerball,,08 19 25 36 66,,9,
2020-05-20,Powerball,,18 34 40 42 50,,9,
2020-05-21,Powerball,Eve,5 21 11 19 22,24.0,,
2020-05-22,Powerball,,08 10 20 44 46,,18,
2020-05-23,Powerball,Eve,5 23 2 8 18,21.0,,
2020-05-26,Powerball,,34 52 58 59 62,,4,
2020-05-27,Powerball,,38 58 59 64 68,,21,
2020-05-28,Powerball,Eve,5 28 7 8 12,14.0,,
2020-05-29,Powerball,,10 13 32 41 51,,3,
2020-05-30,Powerball,,13 32 41 58 60,,14,
2020-06-02,Powerball,Eve,6 2 9 20 23,26.0,,
2020-06-03,Powerball,,01 03 26 41 64,,17,
2020-06-04,Powerball,Eve,6 4 28 28 6,4.0,,
2020-06-05,Powerball,,32 35 37 47 55,,22,
2020-06-06,Powerball,,01 17 38 68 69,,18,
2020-06-09,Powerball,Eve,6 9 1 5 9,10.0,,
2020-06-10,Powerball,Eve,6 10 3 8 26,24.0,,
2020-06-12,Powerball,,09 14 57 67 70,,2,
2020-06-13,Powerball,,02 12 32 50 65,,5,
2020-06-14,Powerball,Eve,6 14 6 10 11,19.0,,
2020-06-16,Powerball,,21 23 33 35 42,,6,
2020-06-17,Powerball,,07 10 63 64 68,,10,
2020-06-19,Powerball,,11 34 36 52 66,,7,
2020-06-20,Powerball,,10 31 41 63 67,,5,
2020-06-23,Powerball,,06 20 37 40 48,,15,
2020-06-24,Powerball,,15 22 27 33 46,,23,
2020-06-26,Powerball,,19 33 37 56 57,,6,
2020-06-27,Powerball,,09 36 49 56 62,,8,
2020-06-29,Powerball,Eve,6 29 10 12 16,17.0,,
2020-06-30,Powerball,,09 16 29 37 53,,11,
2020-07-01,Powerball,,15 28 52 53 63,,18,
2020-07-03,Powerball,,20 40 44 45 50,,24,
2020-07-04,Powerball,Eve,7 4 3 9 18,19.0,,
2020-07-07,Powerball,Eve,7 7 9 12 17,22.0,,
2020-07-08,Powerball,Eve,7 8 4 13 15,19.0,,
2020-07-10,Powerball,,10 15 20 49 53,,22,
2020-07-11,Powerball,,14 19 61 62 64,,4,
2020-07-14,Powerball,,06 26 55 56 64,,22,
2020-07-15,Powerball,,27 47 61 62 69,,4,
2020-07-16,Powerball,Eve,7 16 12 21 23,25.0,,
2020-07-17,Powerball,,12 13 21 46 57,,21,
2020-07-18,Powerball,,13 16 32 58 59,,9,
2020-07-21,Powerball,Eve,7 21 4 6 16,17.0,,
2020-07-22,Powerball,,16 25 36 44 55,,14,
2020-07-24,Powerball,,08 33 39 54 58,,17,
2020-07-25,Powerball,,05 21 36 61 62,,18,
2020-07-28,Powerball,Eve,7 28 7 14 15,19.0,,
2020-07-29,Powerball,,07 29 35 40 45,,26,
2020-07-31,Powerball,Eve,7 31 5 2 68,13.0,,
2020-08-01,Powerball,,06 25 36 43 48,,24,
2020-08-04,Powerball,,02 22 30 42 62,,20,
2020-08-05,Powerball,,07 14 17 57 65,,24,
2020-08-07,Powerball,,04 44 53 64 70,,3,
2020-08-08,Powerball,,02 03 14 40 51,,24,
2020-08-09,Powerball,Eve,8 9 5 13 14,26.0,,
2020-08-10,Powerball,Eve,8 10 20 8 11,20.0,,
2020-08-11,Powerball,Eve,8 11 20 8 10,1.0,,
2020-08-12,Powerball,,02 06 18 36 37,,21,
2020-08-13,Powerball,Eve,8 13 20 8 13,5.0,,
2020-08-14,Powerball,,03 24 29 42 47,,13,
2020-08-15,Powerball,,05 12 34 45 56,,3,
2020-08-18,Powerball,,04 18 26 27 58,,23,
2020-08-19,Powerball,Eve,8 19 30 8 19,1.0,,
2020-08-20,Powerball,Eve,8 20 5 8 19,2.0,,
2020-08-21,Powerball,,11 15 31 42 63,,14,
2020-08-22,Powerball,Eve,8 22 8 12 17,25.0,,
2020-08-24,Powerball,Eve,8 24 2 4 5,12.0,,
2020-08-25,Powerball,Eve,8 25 8 10 15,17.0,,
2020-08-26,Powerball,Eve,8 26 7 10 15,17.0,,
2020-08-27,Powerball,Eve,8 27 25 8 27,20.0,,
2020-08-28,Powerball,,03 09 50 53 64,,1,
2020-08-29,Powerball,,05 21 22 29 43,,10,
2020-09-01,Powerball,Eve,9 1 25 9 1,20.0,,
2020-09-02,Powerball,Eve,9 2 26 2 9,3.0,,
2020-09-03,Powerball,Eve,9 3 10 9 3,20.0,,
2020-09-04,Powerball,Eve,9 4 20 9 4,20.0,,
2020-09-05,Powerball,,15 21 22 27 47,,7,
2020-09-08,Powerball,Eve,8 25 9 8 1,1.0,,
2020-09-09,Powerball,,27 52 55 60 64,,21,
2020-09-10,Powerball,Eve,8 20 9 10 51,9.0,,
2020-09-11,Powerball,,03 15 42 48 56,,13,
2020-09-12,Powerball,Eve,9 12 11 14 20,22.0,,
2020-09-15,Powerball,,25 28 38 59 62,,22,
2020-09-16,Powerball,,10 17 31 51 53,,1,
2020-09-18,Powerball,Eve,9 18 25 9 22,24.0,,
2020-09-19,Powerball,,11 14 23 47 57,,14,
2020-09-22,Powerball,Eve,9 22 24 9 22,12.0,,
2020-09-23,Powerball,Eve,9 23 10 9 22,12.0,,
2020-09-24,Powerball,Eve,9 2 9 24 16,9.0,,
2020-09-25,Powerball,,20 36 37 48 67,,16,
2020-09-26,Powerball,,11 21 27 36 62,,24,
2020-09-29,Powerball,,14 39 43 44 67,,19,
2020-09-30,Powerball,,14 18 36 49 67,,18,
2020-10-02,Powerball,,09 38 47 49 68,,25,
2020-10-03,Powerball,,18 31 36 43 47,,20,
2020-10-06,Powerball,,15 16 18 39 59,,17,
2020-10-07,Powerball,,06 24 30 53 56,,19,
2020-10-09,Powerball,,05 11 25 27 64,,13,
2020-10-10,Powerball,,05 18 23 40 50,,18,
2020-10-13,Powerball,,11 44 45 46 70,,25,
2020-10-14,Powerball,,21 37 52 53 58,,5,
2020-10-16,Powerball,,27 32 50 52 57,,12,
2020-10-17,Powerball,,06 10 31 37 44,,23,
2020-10-20,Powerball,,46 54 57 58 66,,10,
2020-10-21,Powerball,,01 03 13 44 56,,26,
2020-10-23,Powerball,,18 34 44 60 69,,22,
2020-10-24,Powerball,,18 20 27 45 65,,6,
2020-10-26,Powerball,Eve,10 26 25 9 24,10.0,,
2020-10-27,Powerball,,06 13 34 46 62,,1,
2020-10-28,Powerball,Eve,10 28 7 10 26,4.0,,
2020-10-30,Powerball,Eve,9 30 10 30 4,5.0,,
2020-10-31,Powerball,,02 06 40 42 55,,24,
2020-11-02,Powerball,Eve,10 22 11 2 5,11.0,,
2020-11-03,Powerball,,07 31 44 45 55,,19,
2020-11-04,Powerball,,23 32 33 45 49,,14,
2020-11-05,Powerball,Eve,11 5 5 7 11,17.0,,
2020-11-06,Powerball,Eve,10 16 11 6 2,2.0,,
2020-11-07,Powerball,,14 16 37 48 58,,18,
2020-11-10,Powerball,,23 45 53 58 62,,13,
2020-11-11,Powerball,,13 15 17 45 63,,13,
2020-11-13,Powerball,,06 07 14 28 59,,7,
2020-11-14,Powerball,,07 15 18 32 45,,20,
2020-11-17,Powerball,,08 13 35 46 68,,16,
2020-11-18,Powerball,,04 05 17 43 52,,5,
2020-11-20,Powerball,,26 33 45 61 68,,17,
2020-11-21,Powerball,,51 54 57 60 69,,11,
2020-11-23,Powerball,Eve,11 23 50 11 23,2.0,,
2020-11-24,Powerball,,09 15 34 61 64,,6,
2020-11-25,Powerball,,02 57 58 60 65,,26,
2020-11-27,Powerball,,04 10 27 35 58,,10,
2020-11-28,Powerball,,08 12 18 44 51,,18,
2020-11-30,Powerball,Eve,11 30 30 11 24,11.0,,
2020-12-01,Powerball,,07 33 53 61 65,,14,
2020-12-02,Powerball,,28 31 40 41 46,,4,
2020-12-04,Powerball,,03 19 24 44 50,,8,
2020-12-05,Powerball,,03 04 06 48 53,,10,
2020-12-08,Powerball,,15 19 33 39 68,,25,
2020-12-09,Powerball,,11 14 31 47 48,,4,
2020-12-11,Powerball,,19 31 37 55 67,,25,
2020-12-12,Powerball,,17 54 56 63 69,,20,
2020-12-15,Powerball,Eve,12 15 1 10 18,20.0,,
2020-12-16,Powerball,Eve,12 16 1 4 8,10.0,,
2020-12-18,Powerball,,07 15 25 51 60,,5,
2020-12-19,Powerball,,27 32 34 43 52,,13,
2020-12-22,Powerball,,29 53 56 59 67,,21,
2020-12-23,Powerball,Eve,12 23 1 18 21,23.0,,
2020-12-25,Powerball,,17 23 36 69 70,,19,
2020-12-26,Powerball,,10 24 27 35 53,,18,
2020-12-29,Powerball,Eve,12 29 12 21 23,24.0,,
2020-12-30,Powerball,,03 43 45 61 65,,14,
2021-01-01,Powerball,,08 24 53 68 69,,7,
2021-01-02,Powerball,,03 04 11 41 67,,5,
2021-01-03,Powerball,Eve,1 3 10 15 21,25.0,,
2021-01-05,Powerball,,20 43 51 55 57,,4,
2021-01-06,Powerball,Eve,1 6 5 6 16,22.0,,
2021-01-08,Powerball,Eve,1 8 3 6 16,18.0,,
2021-01-09,Powerball,,14 26 38 45 46,,13,
2021-01-12,Powerball,,12 14 26 28 33,,9,
2021-01-13,Powerball,Eve,1 13 4 19 23,25.0,,
2021-01-15,Powerball,,03 11 12 38 43,,15,
2021-01-16,Powerball,,14 20 39 65 67,,2,
2021-01-19,Powerball,,10 19 26 28 50,,16,
2021-01-20,Powerball,,40 53 60 68 69,,22,
2021-01-22,Powerball,,04 26 42 50 60,,24,
2021-01-23,Powerball,,05 08 17 27 28,,14,
2021-01-26,Powerball,,29 49 56 66 67,,24,
2021-01-27,Powerball,,17 33 35 42 52,,9,
2021-01-29,Powerball,Eve,1 29 8 9 19,22.0,,
2021-01-30,Powerball,,01 02 07 52 61,,4,
2021-02-02,Powerball,Eve,2 2 2 6 11,13.0,,
2021-02-03,Powerball,,05 37 40 64 66,,5,
2021-02-05,Powerball,,14 17 28 29 44,,2,
2021-02-06,Powerball,,01 16 48 49 65,,8,
2021-02-09,Powerball,,07 18 21 31 40,,9,
2021-02-10,Powerball,,15 39 58 63 67,,7,
2021-02-12,Powerball,Eve,2 12 5 14 24,25.0,,
2021-02-13,Powerball,,20 28 33 63 68,,20,
2021-02-16,Powerball,,01 36 44 54 66,,10,
2021-02-17,Powerball,,01 15 21 32 46,,1,
2021-02-19,Powerball,,27 32 47 50 53,,4,
2021-02-20,Powerball,,04 08 22 32 58,,4,
2021-02-23,Powerball,Eve,2 23 5 7 9,20.0,,
2021-02-24,Powerball,,04 33 43 53 65,,21,
2021-02-26,Powerball,,11 15 37 62 64,,5,
2021-02-27,Powerball,,02 28 31 44 52,,18,
2021-03-02,Powerball,,04 08 13 34 64,,18,
2021-03-03,Powerball,,21 40 44 50 55,,16,
2021-03-05,Powerball,,10 11 17 27 54,,20,
2021-03-06,Powerball,,11 31 50 52 58,,18,
2021-03-09,Powerball,,04 33 46 58 65,,13,
2021-03-10,Powerball,,17 18 37 44 53,,18,
2021-03-12,Powerball,,02 24 25 31 65,,18,
2021-03-13,Powerball,,05 11 51 56 61,,2,
2021-03-16,Powerball,,10 41 46 52 69,,8,
2021-03-17,Powerball,,34 38 42 61 62,,19,
2021-03-19,Powerball,,09 14 40 58 69,,8,
2021-03-20,Powerball,,01 06 22 42 61,,4,
2021-03-23,Powerball,Eve,3 23 4 6 12,20.0,,
2021-03-24,Powerball,Eve,3 24 13 14 15,16.0,,
2021-03-26,Powerball,,04 25 37 46 67,,15,
2021-03-27,Powerball,,06 14 38 39 65,,6,
2021-03-28,Powerball,Eve,3 28 2 3 7,19.0,,
2021-03-30,Powerball,,11 37 47 53 56,,15,
2021-03-31,Powerball,,03 10 44 55 68,,24,
2021-04-02,Powerball,,10 42 48 53 62,,19,
2021-04-03,Powerball,,01 12 17 39 53,,5,
2021-04-04,Powerball,Eve,4 4 11 17 18,26.0,,
2021-04-06,Powerball,,01 19 20 32 42,,17,
2021-04-07,Powerball,,27 35 39 51 66,,16,
2021-04-09,Powerball,,22 26 27 58 66,,12,
2021-04-10,Powerball,,14 16 23 50 53,,3,
2021-04-13,Powerball,,10 15 19 45 68,,9,
2021-04-14,Powerball,,13 30 33 45 61,,14,
2021-04-16,Powerball,,17 27 28 50 55,,25,
2021-04-17,Powerball,,10 21 26 41 49,,25,
2021-04-19,Powerball,Eve,4 19 1 6 14,18.0,,
2021-04-20,Powerball,,06 23 43 49 52,,5,
2021-04-21,Powerball,Eve,4 21 12 14 22,23.0,,
2021-04-23,Powerball,,04 28 29 30 60,,25,
2021-04-24,Powerball,,22 36 48 59 61,,22,
2021-04-27,Powerball,,15 22 30 41 42,,25,
2021-04-28,Powerball,,16 18 35 39 53,,21,
2021-04-30,Powerball,,08 19 26 48 49,,5,
2021-05-01,Powerball,,35 36 47 61 63,,3,
2021-05-04,Powerball,,04 27 32 57 63,,22,
2021-05-05,Powerball,,16 23 28 40 63,,1,
2021-05-06,Powerball,Eve,5 6 6 9 16,20.0,,
2021-05-07,Powerball,Eve,5 7 5 10 19,21.0,,
2021-05-08,Powerball,Eve,5 8 12 17 20,21.0,,
2021-05-11,Powerball,,07 08 20 36 39,,22,
2021-05-12,Powerball,,01 19 20 38 54,,17,
2021-05-14,Powerball,,03 18 41 44 68,,3,
2021-05-15,Powerball,,04 10 37 39 69,,24,
2021-05-18,Powerball,,03 05 56 61 66,,4,
2021-05-19,Powerball,,11 13 55 56 69,,4,
2021-05-21,Powerball,Eve,5 21 6 9 17,18.0,,
2021-05-22,Powerball,,03 19 27 37 40,,8,
2021-05-25,Powerball,,14 21 31 34 54,,11,
2021-05-26,Powerball,,02 08 21 34 62,,16,
2021-05-28,Powerball,,10 14 20 47 70,,15,
2021-05-29,Powerball,,11 13 22 27 46,,20,
2021-06-01,Powerball,,07 11 33 58 63,,23,
2021-06-02,Powerball,,06 07 11 66 67,,19,
2021-06-04,Powerball,,04 30 34 41 64,,8,
2021-06-05,Powerball,,44 52 54 64 69,,26,
2021-06-08,Powerball,Eve,6 8 4 7 9,10.0,,
2021-06-09,Powerball,,19 28 46 50 54,,9,
2021-06-11,Powerball,,04 43 56 63 68,,13,
2021-06-12,Powerball,Eve,6 12 16 21 23,24.0,,
2021-06-13,Powerball,Eve,6 13 2 8 24,26.0,,
2021-06-15,Powerball,,18 22 27 38 52,,11,
2021-06-16,Powerball,,19 29 34 44 50,,25,
2021-06-18,Powerball,,14 36 44 46 53,,18,
2021-06-19,Powerball,,04 22 35 38 39,,20,
2021-06-22,Powerball,Eve,6 22 5 7 17,19.0,,
2021-06-23,Powerball,,13 20 40 51 63,,1,
2021-06-25,Powerball,,17 20 42 45 65,,12,
2021-06-26,Powerball,,08 31 39 43 60,,17,
2021-06-29,Powerball,,07 38 50 52 69,,21,
2021-06-30,Powerball,,24 29 50 65 66,,14,
2021-07-02,Powerball,Eve,7 2 1 9 12,13.0,,
2021-07-03,Powerball,,26 40 41 55 65,,24,
2021-07-04,Powerball,Eve,7 4 1 3 6,25.0,,
2021-07-06,Powerball,,18 47 63 68 69,,14,
2021-07-07,Powerball,,08 21 30 49 57,,8,
2021-07-08,Powerball,Eve,7 8 1 8 15,21.0,,
2021-07-09,Powerball,,06 37 39 41 46,,17,
2021-07-10,Powerball,,01 05 29 54 62,,3,
2021-07-13,Powerball,Eve,7 13 3 10 17,26.0,,
2021-07-14,Powerball,,33 46 52 59 62,,10,
2021-07-16,Powerball,,24 25 47 52 57,,24,
2021-07-17,Powerball,,15 22 38 54 66,,3,
2021-07-19,Powerball,Eve,7 19 8 15 16,23.0,,
2021-07-20,Powerball,Eve,7 20 3 14 3,14.0,,
2021-07-21,Powerball,Eve,7 21 3 16 3,16.0,,
2021-07-23,Powerball,,13 17 19 40 69,,17,
2021-07-24,Powerball,,01 04 11 59 67,,10,
2021-07-27,Powerball,,02 35 36 54 64,,11,
2021-07-28,Powerball,Eve,7 28 8 11 12,13.0,,
2021-07-30,Powerball,,19 26 31 52 68,,10,
2021-07-31,Powerball,,01 21 22 34 47,,4,
2021-08-03,Powerball,,01 09 17 27 34,,24,
2021-08-04,Powerball,,05 21 32 36 58,,14,
2021-08-06,Powerball,,09 18 40 46 69,,9,
2021-08-07,Powerball,Eve,8 7 5 14 20,23.0,,
2021-08-10,Powerball,Eve,8 10 1 4 9,21.0,,
2021-08-11,Powerball,,12 18 20 29 30,,16,
2021-08-13,Powerball,,17 21 35 40 53,,11,
2021-08-14,Powerball,,06 21 49 65 67,,18,
2021-08-17,Powerball,,03 06 16 38 56,,24,
2021-08-18,Powerball,,35 36 51 55 61,,26,
2021-08-20,Powerball,,41 43 51 57 70,,1,
2021-08-21,Powerball,,16 28 36 39 59,,4,
2021-08-23,Powerball,,17 36 47 60 61,,15,
2021-08-24,Powerball,,17 18 26 52 67,,19,
2021-08-25,Powerball,,27 39 54 56 59,,24,
2021-08-27,Powerball,,01 10 44 47 56,,23,
2021-08-28,Powerball,,12 22 26 46 59,,26,
2021-08-30,Powerball,,03 15 45 51 61,,8,
2021-08-31,Powerball,Eve,8 31 5 8 13,15.0,,
2021-09-01,Powerball,,10 20 29 48 51,,17,
2021-09-03,Powerball,,07 10 12 61 65,,3,
2021-09-04,Powerball,,32 35 40 52 54,,1,
2021-09-06,Powerball,,11 20 22 33 54,,24,
2021-09-07,Powerball,,15 17 25 32 53,,12,
2021-09-08,Powerball,Eve,9 8 7 15 19,21.0,,
2021-09-10,Powerball,,20 32 35 47 64,,18,
2021-09-11,Powerball,,20 31 38 40 49,,21,
2021-09-13,Powerball,,37 40 50 61 63,,21,
2021-09-14,Powerball,,04 13 19 63 64,,16,
2021-09-15,Powerball,,01 04 18 46 62,,25,
2021-09-17,Powerball,Eve,9 17 1 3 8,22.0,,
2021-09-18,Powerball,,05 36 39 45 57,,11,
2021-09-20,Powerball,,37 51 54 58 60,,19,
2021-09-21,Powerball,,36 41 45 51 56,,13,
2021-09-22,Powerball,,20 40 47 55 63,,5,
2021-09-24,Powerball,,17 21 27 43 56,,15,
2021-09-25,Powerball,,22 23 37 62 63,,19,
2021-09-27,Powerball,Eve,9 27 3 10 11,21.0,,
2021-09-28,Powerball,Eve,9 28 3 4 12,18.0,,
2021-09-29,Powerball,Eve,9 29 2 7 11,17.0,,
2021-09-30,Powerball,Eve,9 30 15 18 20,21.0,,
2021-10-01,Powerball,,21 25 36 62 63,,6,
2021-10-02,Powerball,Eve,10 2 2 14 17,26.0,,
2021-10-04,Powerball,,12 22 54 66 69,,15,
2021-10-05,Powerball,,07 11 18 30 36,,4,
2021-10-06,Powerball,,01 17 52 58 64,,1,
2021-10-08,Powerball,,21 24 36 40 70,,22,
2021-10-09,Powerball,,12 17 30 45 62,,5,
2021-10-11,Powerball,,11 20 33 39 65,,24,
2021-10-12,Powerball,,21 26 56 61 65,,4,
2021-10-13,Powerball,Eve,10 13 8 10 14,15.0,,
2021-10-15,Powerball,,03 20 31 34 65,,18,
2021-10-16,Powerball,,30 31 41 42 48,,3,
2021-10-18,Powerball,,30 32 48 53 63,,12,
2021-10-19,Powerball,Eve,10 19 3 12 13,19.0,,
2021-10-20,Powerball,,07 29 36 41 43,,5,
2021-10-22,Powerball,,09 14 26 29 66,,22,
2021-10-23,Powerball,,10 30 51 57 63,,20,
2021-10-25,Powerball,,10 27 29 44 58,,24,
2021-10-26,Powerball,,06 14 19 56 62,,9,
2021-10-27,Powerball,,03 06 26 35 51,,17,
2021-10-28,Powerball,Eve,10 28 6 8 9,10.0,,
2021-10-29,Powerball,,15 26 28 35 45,,4,
2021-10-30,Powerball,,05 23 28 43 56,,19,
2021-11-01,Powerball,,09 25 34 44 45,,8,
2021-11-02,Powerball,,05 10 26 58 65,,9,
2021-11-03,Powerball,,01 02 24 50 57,,26,
2021-11-05,Powerball,,10 15 20 66 68,,18,
2021-11-06,Powerball,,08 30 48 57 64,,9,
2021-11-08,Powerball,,21 46 47 57 62,,8,
2021-11-09,Powerball,Eve,11 9 9 14 16,26.0,,
2021-11-10,Powerball,,19 25 43 46 48,,14,
2021-11-12,Powerball,,30 32 42 46 48,,15,
2021-11-13,Powerball,,08 15 26 35 45,,9,
2021-11-15,Powerball,,05 31 34 51 53,,23,
2021-11-16,Powerball,,06 22 44 53 65,,3,
2021-11-17,Powerball,,03 16 48 52 60,,1,
2021-11-19,Powerball,,05 23 52 53 59,,18,
2021-11-20,Powerball,,40 43 48 59 69,,19,
2021-11-21,Powerball,Eve,11 21 4 5 6,11.0,,
2021-11-22,Powerball,,07 20 29 38 67,,22,
2021-11-23,Powerball,,07 24 54 57 58,,6,
2021-11-24,Powerball,Eve,11 24 3 5 11,16.0,,
2021-11-26,Powerball,,07 27 37 42 59,,2,
2021-11-27,Powerball,,08 32 55 64 66,,10,
2021-11-29,Powerball,,18 26 28 38 47,,17,
2021-11-30,Powerball,,07 08 26 30 39,,17,
2021-12-01,Powerball,,12 15 38 57 63,,24,
2021-12-03,Powerball,,22 45 48 58 61,,13,
2021-12-04,Powerball,,10 40 45 56 67,,2,
2021-12-06,Powerball,,03 21 38 50 59,,6,
2021-12-07,Powerball,,01 07 40 43 68,,1,
2021-12-08,Powerball,,03 07 33 50 69,,24,
2021-12-10,Powerball,,23 25 40 42 60,,8,
2021-12-11,Powerball,,03 25 44 53 64,,10,
2021-12-13,Powerball,,10 30 37 53 59,,4,
2021-12-14,Powerball,,33 35 44 55 69,,20,
2021-12-15,Powerball,,19 20 40 42 59,,15,
2021-12-17,Powerball,,21 32 38 48 62,,10,
2021-12-18,Powerball,,02 06 24 51 61,,1,
2021-12-20,Powerball,,02 13 23 34 66,,2,
2021-12-21,Powerball,,25 31 58 64 67,,24,
2021-12-22,Powerball,Eve,12 22 2 14 16,21.0,,
2021-12-24,Powerball,,16 17 25 36 37,,16,
2021-12-25,Powerball,,27 29 45 55 58,,2,
2021-12-27,Powerball,,36 38 45 62 64,,19,
2021-12-28,Powerball,,03 05 08 31 38,,4,
2021-12-29,Powerball,,02 06 09 33 39,,11,
2021-12-31,Powerball,,02 05 30 46 61,,8,
2022-01-01,Powerball,Eve,1 1 5 11 19,23.0,,
2022-01-03,Powerball,,02 13 32 33 48,,22,
2022-01-04,Powerball,Eve,1 4 4 6 16,21.0,,
2022-01-05,Powerball,,06 14 25 33 46,,17,
2022-01-07,Powerball,,07 29 43 56 57,,6,
2022-01-08,Powerball,,20 21 36 60 65,,13,
2022-01-10,Powerball,Eve,1 10 14 17 18,21.0,,
2022-01-11,Powerball,,02 03 19 52 58,,16,
2022-01-12,Powerball,,12 21 22 30 33,,24,
2022-01-14,Powerball,Eve,1 14 5 8 13,22.0,,
2022-01-15,Powerball,,03 18 37 51 59,,13,
2022-01-17,Powerball,,09 24 35 46 65,,22,
2022-01-18,Powerball,,04 19 39 42 52,,9,
2022-01-19,Powerball,,11 15 43 55 61,,10,
2022-01-21,Powerball,,38 45 46 55 67,,18,
2022-01-22,Powerball,,08 14 33 36 67,,17,
2022-01-24,Powerball,,11 29 30 47 53,,16,
2022-01-25,Powerball,,03 12 38 53 58,,13,
2022-01-26,Powerball,,04 11 38 49 69,,16,
2022-01-28,Powerball,,03 16 25 44 55,,13,
2022-01-29,Powerball,Eve,1 29 2 4 5,16.0,,
2022-01-31,Powerball,,10 15 51 61 69,,14,
2022-02-01,Powerball,,11 24 38 62 66,,1,
2022-02-02,Powerball,,18 29 33 62 63,,15,
2022-02-04,Powerball,Eve,2 4 3 16 3,19.0,,
2022-02-05,Powerball,Eve,2 5 1 2 13,26.0,,
2022-02-06,Powerball,Eve,2 6 2 3 14,20.0,,
2022-02-07,Powerball,,05 15 38 47 65,,10,
2022-02-08,Powerball,,01 17 20 52 54,,2,
2022-02-09,Powerball,,02 17 33 51 63,,26,
2022-02-11,Powerball,Eve,2 11 11 16 23,24.0,,
2022-02-12,Powerball,,08 10 21 41 62,,7,
2022-02-14,Powerball,,16 25 27 49 55,,17,
2022-02-15,Powerball,Eve,2 15 2 4 15,21.0,,
2022-02-16,Powerball,Eve,2 16 2 7 14,21.0,,
2022-02-17,Powerball,Eve,2 17 9 11 14,21.0,,
2022-02-18,Powerball,,06 11 50 63 68,,17,
2022-02-19,Powerball,,03 10 15 33 42,,11,
2022-02-20,Powerball,Eve,2 20 13 15 24,25.0,,
2022-02-21,Powerball,,02 36 37 45 69,,3,
2022-02-22,Powerball,Eve,2 22 4 14 16,17.0,,
2022-02-23,Powerball,,06 17 21 35 64,,18,
2022-02-25,Powerball,,15 31 40 56 66,,4,
2022-02-26,Powerball,,15 32 36 48 64,,19,
2022-02-28,Powerball,Eve,2 28 4 17 6,25.0,,
2022-03-01,Powerball,,18 22 38 39 50,,18,
2022-03-02,Powerball,Eve,3 2 12 1 21,7.0,,
2022-03-04,Powerball,Eve,3 4 7 10 11,15.0,,
2022-03-05,Powerball,,08 23 37 52 63,,13,
2022-03-07,Powerball,Eve,3 7 12 13 15,26.0,,
2022-03-08,Powerball,,07 18 38 58 64,,24,
2022-03-09,Powerball,,13 22 34 51 67,,10,
2022-03-11,Powerball,,24 28 39 44 66,,25,
2022-03-12,Powerball,,19 20 37 39 61,,8,
2022-03-13,Powerball,Eve,3 13 7 15 16,18.0,,
2022-03-14,Powerball,,21 28 32 44 49,,6,
2022-03-15,Powerball,,09 14 28 59 60,,24,
2022-03-16,Powerball,Eve,3 16 10 11 13,26.0,,
2022-03-17,Powerball,Eve,3 17 3 16 3,17.0,,
2022-03-18,Powerball,,02 06 25 40 45,,5,
2022-03-19,Powerball,Eve,3 19 3 19 3,19.0,,
2022-03-20,Powerball,Eve,3 20 5 6 12,26.0,,
2022-03-21,Powerball,,01 15 26 63 65,,16,
2022-03-22,Powerball,,08 15 21 27 61,,8,
2022-03-23,Powerball,,31 32 37 38 48,,24,
2022-03-25,Powerball,Eve,3 25 2 5 8,21.0,,
2022-03-26,Powerball,,02 10 50 59 61,,6,
2022-03-28,Powerball,,11 18 39 58 62,,3,
2022-03-29,Powerball,,07 22 36 45 47,,12,
2022-03-30,Powerball,,03 07 21 31 37,,11,
2022-04-01,Powerball,,26 42 47 48 63,,21,
2022-04-02,Powerball,,06 28 47 58 59,,18,
2022-04-03,Powerball,Eve,4 3 3 7 14,26.0,,
2022-04-04,Powerball,Eve,4 4 64 5 1,4.0,,
2022-04-05,Powerball,Eve,4 5 3 23 4,6.0,,
2022-04-06,Powerball,Eve,3 23 4 6 54,4.0,,
2022-04-07,Powerball,Eve,4 7 59 2 3,4.0,,
2022-04-08,Powerball,,08 11 29 32 40,,2,
2022-04-09,Powerball,,06 16 31 62 66,,18,
2022-04-11,Powerball,,05 07 24 31 34,,4,
2022-04-12,Powerball,Eve,4 12 2 8 14,20.0,,
2022-04-13,Powerball,,14 16 41 63 68,,26,
2022-04-15,Powerball,,04 17 20 46 64,,23,
2022-04-16,Powerball,,15 21 32 62 65,,26,
2022-04-18,Powerball,,08 33 55 59 62,,18,
2022-04-19,Powerball,,02 09 33 47 53,,24,
2022-04-20,Powerball,,20 30 45 55 56,,14,
2022-04-21,Powerball,Eve,4 21 10 11 22,25.0,,
2022-04-22,Powerball,Eve,4 22 14 23 24,26.0,,
2022-04-23,Powerball,,10 39 47 49 56,,8,
2022-04-25,Powerball,Eve,4 25 1 8 9,12.0,,
2022-04-26,Powerball,Eve,4 26 4 26 5,1.0,,
2022-04-27,Powerball,,11 36 61 62 68,,4,
2022-04-29,Powerball,Eve,4 29 25 4 29,25.0,,
2022-04-30,Powerball,,14 21 37 44 63,,1,
2022-05-02,Powerball,,18 27 33 39 44,,8,
2022-05-03,Powerball,,15 19 27 35 57,,17,
2022-05-04,Powerball,,37 39 55 63 69,,23,
2022-05-06,Powerball,,16 21 33 52 70,,10,
2022-05-07,Powerball,,04 05 06 28 67,,10,
2022-05-09,Powerball,,18 30 35 52 56,,5,
2022-05-10,Powerball,,15 19 20 61 70,,9,
2022-05-11,Powerball,,05 07 61 63 69,,18,
2022-05-13,Powerball,,11 41 43 44 65,,13,
2022-05-14,Powerball,Eve,5 14 4 6 10,20.0,,
2022-05-16,Powerball,Eve,16 1 2 37 2,16.0,,
2022-05-17,Powerball,,07 21 24 41 65,,24,
2022-05-18,Powerball,,40 41 58 64 65,,17,
2022-05-20,Powerball,,33 40 59 60 69,,22,
2022-05-21,Powerball,Eve,5 21 2 8 10,12.0,,
2022-05-23,Powerball,,01 33 37 39 42,,26,
2022-05-24,Powerball,,03 05 06 63 68,,25,
2022-05-25,Powerball,,19 28 39 42 57,,17,
2022-05-27,Powerball,,03 14 40 53 54,,8,
2022-05-28,Powerball,,02 39 50 61 66,,15,
2022-05-30,Powerball,,27 28 51 68 69,,22,
2022-05-31,Powerball,,06 15 41 63 64,,24,
2022-06-01,Powerball,Eve,6 1 7 1 8,1.0,,
2022-06-03,Powerball,,11 16 22 48 59,,11,
2022-06-04,Powerball,,14 16 36 52 60,,16,
2022-06-06,Powerball,,02 10 35 44 46,,4,
2022-06-07,Powerball,,04 34 40 41 53,,3,
2022-06-08,Powerball,Eve,6 8 12 13 16,20.0,,
2022-06-10,Powerball,Eve,6 10 3 12 14,18.0,,
2022-06-11,Powerball,,18 20 26 53 69,,5,
2022-06-13,Powerball,,02 27 42 44 51,,25,
2022-06-14,Powerball,,30 37 38 42 58,,22,
2022-06-15,Powerball,,19 28 41 42 51,,7,
2022-06-17,Powerball,,20 36 53 56 69,,16,
2022-06-18,Powerball,,10 19 40 45 58,,25,
2022-06-20,Powerball,,03 44 61 63 69,,13,
2022-06-21,Powerball,,08 13 18 32 42,,20,
2022-06-22,Powerball,Eve,6 22 14 16 20,26.0,,
2022-06-24,Powerball,Eve,6 24 1 7 11,25.0,,
2022-06-25,Powerball,,06 12 20 27 32,,4,
2022-06-27,Powerball,,11 13 18 30 37,,16,
2022-06-28,Powerball,,07 12 21 43 55,,11,
2022-06-29,Powerball,,08 40 49 58 63,,14,
2022-07-01,Powerball,Eve,7 1 8 1 9,1.0,,
2022-07-02,Powerball,,09 10 37 59 62,,26,
2022-07-04,Powerball,Eve,7 4 5 10 19,22.0,,
2022-07-05,Powerball,,27 31 50 51 61,,21,
2022-07-06,Powerball,,32 36 49 62 69,,13,
2022-07-08,Powerball,,20 36 61 62 69,,20,
2022-07-09,Powerball,,14 22 42 46 52,,24,
2022-07-10,Powerball,Eve,7 10 1 5 11,21.0,,
2022-07-11,Powerball,Eve,7 11 2 10 15,22.0,,
2022-07-12,Powerball,,04 07 10 45 64,,12,
2022-07-13,Powerball,,22 23 36 47 63,,2,
2022-07-15,Powerball,Eve,7 15 4 6 7,17.0,,
2022-07-16,Powerball,,03 18 23 32 57,,21,
2022-07-18,Powerball,,14 34 36 50 58,,5,
2022-07-19,Powerball,,02 31 32 37 70,,25,
2022-07-20,Powerball,,10 20 23 49 65,,22,
2022-07-21,Powerball,Eve,7 21 7 10 19,21.0,,
2022-07-22,Powerball,Eve,7 22 1 15 19,26.0,,
2022-07-23,Powerball,,39 41 54 59 62,,12,
2022-07-24,Powerball,Eve,7 24 1 7 15,16.0,,
2022-07-25,Powerball,,25 37 38 39 65,,5,
2022-07-26,Powerball,,07 29 60 63 66,,15,
2022-07-27,Powerball,,01 25 44 55 57,,26,
2022-07-29,Powerball,,13 36 45 57 67,,14,
2022-07-30,Powerball,,04 17 57 58 68,,12,
2022-08-01,Powerball,Eve,8 1 9 1 10,1.0,,
2022-08-02,Powerball,,10 14 25 37 63,,14,
2022-08-03,Powerball,,09 21 56 57 66,,11,
2022-08-05,Powerball,Eve,8 5 6 20 21,26.0,,
2022-08-06,Powerball,,08 15 46 56 68,,3,
2022-08-08,Powerball,,32 45 51 57 58,,12,
2022-08-09,Powerball,Eve,8 9 1 8 10,25.0,,
2022-08-10,Powerball,,29 44 59 61 68,,19,
2022-08-11,Powerball,Eve,8 11 2 7 13,20.0,,
2022-08-12,Powerball,,23 24 50 54 64,,3,
2022-08-13,Powerball,,19 24 35 43 62,,2,
2022-08-15,Powerball,,20 24 47 50 63,,5,
2022-08-16,Powerball,,33 35 41 45 51,,1,
2022-08-17,Powerball,,23 28 41 50 55,,24,
2022-08-18,Powerball,Eve,8 18 2 19 25,26.0,,
2022-08-19,Powerball,,12 18 24 46 65,,3,
2022-08-20,Powerball,Eve,8 20 5 9 11,16.0,,
2022-08-22,Powerball,,12 27 34 55 67,,9,
2022-08-23,Powerball,,03 05 47 48 67,,7,
2022-08-24,Powerball,,06 24 35 37 44,,22,
2022-08-26,Powerball,,06 27 30 38 64,,23,
2022-08-27,Powerball,Eve,8 27 5 19 20,23.0,,
2022-08-29,Powerball,,13 36 43 61 69,,18,
2022-08-30,Powerball,,02 38 55 57 65,,17,
2022-08-31,Powerball,Eve,8 31 7 8 19,24.0,,
2022-09-01,Powerball,Eve,9 1 10 1 11,1.0,,
2022-09-02,Powerball,,39 40 52 60 67,,20,
2022-09-03,Powerball,,18 27 49 65 69,,9,
2022-09-05,Powerball,,04 07 32 55 64,,25,
2022-09-06,Powerball,,06 17 46 59 68,,2,
2022-09-07,Powerball,,03 16 30 33 36,,20,
2022-09-09,Powerball,,16 21 54 55 69,,22,
2022-09-10,Powerball,,38 42 56 68 69,,4,
2022-09-12,Powerball,,06 14 16 34 66,,25,
2022-09-13,Powerball,,14 25 38 59 64,,21,
2022-09-14,Powerball,Eve,9 14 9 10 20,22.0,,
2022-09-16,Powerball,,15 30 35 38 66,,12,
2022-09-17,Powerball,,05 25 36 51 61,,1,
2022-09-19,Powerball,,07 15 36 46 67,,7,
2022-09-20,Powerball,,09 21 28 30 52,,10,
2022-09-21,Powerball,,06 33 34 45 54,,7,
2022-09-22,Powerball,Eve,9 22 3 6 10,26.0,,
2022-09-23,Powerball,,05 50 53 58 64,,22,
2022-09-24,Powerball,Eve,9 24 3 9 21,24.0,,
2022-09-26,Powerball,,13 20 31 33 59,,20,
2022-09-27,Powerball,,08 14 24 43 51,,9,
2022-09-28,Powerball,,06 10 24 33 67,,11,
2022-09-30,Powerball,,16 26 37 40 51,,6,
2022-10-01,Powerball,Eve,10 1 11 1 12,1.0,,
2022-10-03,Powerball,,02 16 22 55 63,,22,
2022-10-04,Powerball,,15 18 25 33 38,,25,
2022-10-05,Powerball,,26 30 33 37 62,,6,
2022-10-07,Powerball,,06 11 29 36 55,,21,
2022-10-08,Powerball,,13 43 53 60 68,,5,
2022-10-10,Powerball,Eve,10 10 3 6 11,17.0,,
2022-10-11,Powerball,Eve,10 11 3 7 11,13.0,,
2022-10-12,Powerball,,14 30 41 42 59,,6,
2022-10-14,Powerball,,09 22 26 41 44,,19,
2022-10-15,Powerball,,32 37 40 58 62,,15,
2022-10-17,Powerball,,19 30 36 46 60,,25,
2022-10-18,Powerball,,01 15 20 44 67,,23,
2022-10-19,Powerball,,06 08 15 27 42,,10,
2022-10-21,Powerball,,34 36 43 45 68,,22,
2022-10-22,Powerball,,19 25 48 55 60,,18,
2022-10-24,Powerball,,18 23 35 45 54,,16,
2022-10-25,Powerball,,21 30 35 45 66,,21,
2022-10-26,Powerball,,19 36 37 46 56,,24,
2022-10-28,Powerball,,04 18 31 53 69,,7,
2022-10-29,Powerball,,19 31 40 46 57,,23,
2022-10-31,Powerball,,13 19 36 39 59,,13,
2022-11-01,Powerball,Eve,11 1 5 9 15,16.0,,
2022-11-02,Powerball,,02 11 22 35 60,,23,
2022-11-04,Powerball,,02 20 47 55 59,,19,
2022-11-05,Powerball,,28 45 53 56 69,,20,
2022-11-07,Powerball,,10 33 41 47 56,,10,
2022-11-08,Powerball,,05 13 29 38 59,,23,
2022-11-09,Powerball,Eve,11 9 2 3 4,14.0,,
2022-11-10,Powerball,Eve,11 10 2 4 5,6.0,,
2022-11-11,Powerball,,01 05 17 37 70,,22,
2022-11-12,Powerball,,16 20 44 57 58,,6,
2022-11-14,Powerball,,19 35 53 54 67,,21,
2022-11-15,Powerball,,06 19 28 46 61,,18,
2022-11-16,Powerball,,28 34 51 53 56,,11,
2022-11-18,Powerball,,02 14 16 38 66,,9,
2022-11-19,Powerball,,07 28 62 63 64,,10,
2022-11-21,Powerball,,01 06 40 51 67,,2,
2022-11-22,Powerball,Eve,11 22 13 23 24,25.0,,
2022-11-23,Powerball,,01 02 31 39 66,,25,
2022-11-25,Powerball,,29 31 46 54 67,,18,
2022-11-26,Powerball,,15 30 47 50 51,,3,
2022-11-28,Powerball,,29 30 32 48 50,,20,
2022-11-29,Powerball,,20 23 37 46 52,,6,
2022-11-30,Powerball,,04 19 24 47 66,,10,
2022-12-01,Powerball,Eve,12 1 1 1 2,1.0,,
2022-12-02,Powerball,,01 21 36 46 52,,16,
2022-12-03,Powerball,,06 13 33 36 37,,7,
2022-12-05,Powerball,,35 45 47 54 55,,14,
2022-12-06,Powerball,,15 16 19 28 47,,13,
2022-12-07,Powerball,,06 28 44 59 61,,21,
2022-12-09,Powerball,,08 19 53 61 69,,19,
2022-12-10,Powerball,,09 23 47 49 68,,19,
2022-12-12,Powerball,,16 31 50 55 61,,9,
2022-12-13,Powerball,,14 22 48 58 68,,6,
2022-12-14,Powerball,,36 51 59 66 68,,25,
2022-12-15,Powerball,Eve,12 15 5 8 11,14.0,,
2022-12-16,Powerball,,08 35 40 53 56,,11,
2022-12-17,Powerball,,33 56 64 66 68,,12,
2022-12-19,Powerball,,07 37 55 65 67,,12,
2022-12-20,Powerball,,03 04 33 36 52,,17,
2022-12-21,Powerball,,12 15 24 34 59,,14,
2022-12-23,Powerball,,15 21 32 38 62,,8,
2022-12-24,Powerball,,17 37 46 54 67,,8,
2022-12-26,Powerball,,17 41 47 60 61,,17,
2022-12-27,Powerball,,09 13 36 59 61,,11,
2022-12-28,Powerball,,26 32 38 45 56,,1,
2022-12-30,Powerball,,01 03 06 44 51,,7,
2022-12-31,Powerball,Eve,10 31 12 31 11,8.0,,
2023-01-01,Powerball,Eve,1 1 2 1 3,1.0,,
2023-01-02,Powerball,Eve,1 2 1 9 13,17.0,,
2023-01-03,Powerball,,25 29 33 41 44,,18,
2023-01-04,Powerball,,12 32 56 67 68,,26,
2023-01-06,Powerball,,03 20 46 59 63,,13,
2023-01-07,Powerball,,35 36 44 45 67,,14,
2023-01-09,Powerball,Eve,1 9 1 7 8,17.0,,
2023-01-10,Powerball,Eve,1 10 7 13 14,15.0,,
2023-01-11,Powerball,,04 08 46 47 48,,5,
2023-01-13,Powerball,Eve,1 13 1 13 16,20.0,,
2023-01-14,Powerball,,24 26 39 47 57,,23,
2023-01-16,Powerball,,04 14 33 39 61,,3,
2023-01-17,Powerball,Eve,1 17 2 12 18,24.0,,
2023-01-18,Powerball,,06 15 22 42 47,,26,
2023-01-20,Powerball,,20 29 31 64 66,,17,
2023-01-21,Powerball,,05 14 19 46 64,,22,
2023-01-23,Powerball,,12 31 47 58 60,,23,
2023-01-24,Powerball,,33 41 47 50 62,,20,
2023-01-25,Powerball,,09 17 20 38 40,,18,
2023-01-27,Powerball,,04 43 46 47 61,,22,
2023-01-28,Powerball,,02 18 23 27 47,,15,
2023-01-30,Powerball,,01 04 12 36 49,,5,
2023-01-31,Powerball,Eve,1 31 5 11 24,26.0,,
2023-02-01,Powerball,Eve,2 1 3 1 4,1.0,,
2023-02-03,Powerball,,01 04 50 54 59,,17,
2023-02-04,Powerball,Eve,2 4 2 8 15,19.0,,
2023-02-06,Powerball,Eve,2 6 5 11 22,23.0,,
2023-02-07,Powerball,Eve,2 7 12 23 10,6.0,,
2023-02-08,Powerball,,52 58 59 64 66,,9,
2023-02-10,Powerball,,20 29 30 52 58,,19,
2023-02-11,Powerball,,10 23 30 54 65,,11,
2023-02-13,Powerball,,17 26 37 61 65,,2,
2023-02-14,Powerball,Eve,2 14 1 6 10,8.0,,
2023-02-15,Powerball,Eve,2 15 3 1 22,1.0,,
2023-02-17,Powerball,,02 33 38 57 70,,13,
2023-02-18,Powerball,,08 21 31 32 37,,23,
2023-02-20,Powerball,,03 17 26 38 54,,15,
2023-02-21,Powerball,,02 15 30 36 63,,24,
2023-02-22,Powerball,,11 19 39 44 65,,7,
2023-02-24,Powerball,,02 22 49 65 67,,7,
2023-02-25,Powerball,,11 24 58 66 67,,26,
2023-02-27,Powerball,,16 28 49 51 55,,23,
2023-02-28,Powerball,,14 16 40 52 59,,13,
2023-03-01,Powerball,Eve,3 1 4 1 5,1.0,,
2023-03-03,Powerball,,08 25 36 39 67,,11,
2023-03-04,Powerball,Eve,3 4 2 5 16,18.0,,
2023-03-06,Powerball,Eve,3 6 16 22 23,26.0,,
2023-03-07,Powerball,Eve,3 7 2 4 22,26.0,,
2023-03-08,Powerball,,26 27 43 61 69,,4,
2023-03-10,Powerball,Eve,3 10 9 19 12,16.0,,
2023-03-11,Powerball,,11 20 33 43 58,,24,
2023-03-13,Powerball,,03 10 24 46 63,,4,
2023-03-14,Powerball,,01 07 23 38 55,,2,
2023-03-15,Powerball,,16 18 33 37 50,,8,
2023-03-16,Powerball,Eve,3 16 9 15 1,7.0,,
2023-03-17,Powerball,,26 28 29 39 49,,25,
2023-03-18,Powerball,,14 20 30 54 69,,11,
2023-03-20,Powerball,,01 27 32 47 67,,14,
2023-03-21,Powerball,,01 21 25 27 40,,11,
2023-03-22,Powerball,,27 28 37 50 57,,5,
2023-03-23,Powerball,Eve,3 23 6 19 21,26.0,,
2023-03-24,Powerball,,14 17 33 42 66,,15,
2023-03-25,Powerball,,15 17 18 47 57,,19,
2023-03-27,Powerball,,19 26 36 43 58,,14,
2023-03-28,Powerball,,02 03 18 32 68,,24,
2023-03-29,Powerball,,04 09 24 46 66,,7,
2023-03-31,Powerball,,16 26 27 42 61,,23,
2023-04-01,Powerball,Eve,4 1 5 1 6,1.0,,
2023-04-03,Powerball,,16 30 31 54 68,,1,
2023-04-04,Powerball,,01 37 45 62 64,,4,
2023-04-05,Powerball,,03 05 09 42 52,,11,
2023-04-07,Powerball,Eve,4 7 10 17 20,21.0,,
2023-04-08,Powerball,,11 22 24 51 60,,18,
2023-04-10,Powerball,,09 10 36 46 52,,14,
2023-04-11,Powerball,,31 35 53 54 55,,24,
2023-04-12,Powerball,,09 36 41 44 59,,4,
2023-04-14,Powerball,,23 27 41 48 51,,22,
2023-04-15,Powerball,,01 33 34 56 59,,18,
2023-04-17,Powerball,,23 25 35 63 64,,25,
2023-04-18,Powerball,Eve,4 18 7 9 15,19.0,,
2023-04-19,Powerball,,04 11 21 38 64,,11,
2023-04-21,Powerball,Eve,4 21 5 13 20,26.0,,
2023-04-22,Powerball,,17 36 47 63 68,,25,
2023-04-24,Powerball,,19 21 55 66 68,,3,
2023-04-25,Powerball,,08 29 46 47 48,,12,
2023-04-26,Powerball,,02 15 30 35 49,,6,
2023-04-28,Powerball,,18 38 53 62 64,,20,
2023-04-29,Powerball,,16 53 54 57 65,,8,
2023-05-01,Powerball,Eve,5 1 6 1 7,1.0,,
2023-05-02,Powerball,,03 15 16 32 41,,9,
2023-05-03,Powerball,,21 26 30 45 47,,23,
2023-05-04,Powerball,Eve,5 4 1 6 13,16.0,,
2023-05-05,Powerball,,16 18 28 42 43,,11,
2023-05-06,Powerball,,31 39 47 51 53,,6,
2023-05-08,Powerball,,15 20 33 36 43,,12,
2023-05-09,Powerball,,04 37 46 48 51,,19,
2023-05-10,Powerball,Eve,5 10 1 5 8,23.0,,
2023-05-12,Powerball,,01 02 23 40 45,,15,
2023-05-13,Powerball,Eve,5 13 3 15 20,23.0,,
2023-05-15,Powerball,,01 26 28 55 58,,25,
2023-05-16,Powerball,,15 34 36 69 70,,17,
2023-05-17,Powerball,,18 34 37 45 51,,14,
2023-05-18,Powerball,Eve,5 18 4 16 22,26.0,,
2023-05-19,Powerball,,05 11 41 44 55,,14,
2023-05-20,Powerball,,17 23 32 38 63,,23,
2023-05-22,Powerball,,09 38 48 52 68,,25,
2023-05-23,Powerball,,03 10 22 65 66,,19,
2023-05-24,Powerball,,12 21 44 50 58,,26,
2023-05-25,Powerball,Eve,5 25 6 7 16,18.0,,
2023-05-26,Powerball,,12 20 37 41 64,,1,
2023-05-27,Powerball,,24 38 39 48 56,,4,
2023-05-28,Powerball,Eve,5 28 9 14 22,25.0,,
2023-05-29,Powerball,,21 33 35 62 64,,24,
2023-05-30,Powerball,,13 16 40 64 68,,21,
2023-05-31,Powerball,,02 04 54 61 62,,14,
2023-06-01,Powerball,Eve,6 1 7 1 8,1.0,,
2023-06-02,Powerball,,03 16 19 36 60,,25,
2023-06-03,Powerball,,15 45 64 67 68,,18,
2023-06-05,Powerball,,02 31 45 46 49,,20,
2023-06-06,Powerball,Eve,6 6 8 9 17,22.0,,
2023-06-07,Powerball,Eve,6 7 9 10 18,24.0,,
2023-06-09,Powerball,,03 19 53 60 68,,13,
2023-06-10,Powerball,,21 32 42 46 50,,4,
2023-06-12,Powerball,Eve,6 12 2 3 16,23.0,,
2023-06-13,Powerball,,08 10 19 44 47,,4,
2023-06-14,Powerball,,03 20 36 42 64,,4,
2023-06-15,Powerball,Eve,6 15 6 14 15,25.0,,
2023-06-16,Powerball,,04 24 34 45 57,,19,
2023-06-17,Powerball,,02 12 45 61 64,,26,
2023-06-19,Powerball,,36 39 52 57 69,,1,
2023-06-20,Powerball,,06 37 39 45 46,,21,
2023-06-21,Powerball,,05 11 33 35 63,,14,
2023-06-23,Powerball,,13 62 65 67 69,,14,
2023-06-24,Powerball,Eve,6 24 7 10 14,23.0,,
2023-06-26,Powerball,,06 28 39 43 54,,12,
2023-06-27,Powerball,,08 34 35 41 52,,12,
2023-06-28,Powerball,Eve,6 28 6 28 1,2.0,,
2023-06-29,Powerball,Eve,6 29 2 13 19,25.0,,
2023-06-30,Powerball,,13 22 47 51 55,,9,
2023-07-01,Powerball,Eve,7 1 8 1 9,1.0,,
2023-07-03,Powerball,,15 26 31 38 61,,3,
2023-07-04,Powerball,,21 33 54 61 67,,12,
2023-07-05,Powerball,,17 24 48 62 68,,23,
2023-07-07,Powerball,Eve,40 7 7 1 21,3.0,,
2023-07-08,Powerball,,07 23 24 32 43,,18,
2023-07-10,Powerball,Eve,10 7 10 1 2,3.0,,
2023-07-11,Powerball,,10 17 33 51 64,,5,
2023-07-12,Powerball,,23 35 45 66 67,,20,
2023-07-13,Powerball,Eve,33 7 13 1 22,3.0,,
2023-07-14,Powerball,,10 24 48 51 66,,15,
2023-07-15,Powerball,,02 09 43 55 57,,18,
2023-07-17,Powerball,Eve,7 17 5 8 9,17.0,,
2023-07-18,Powerball,,19 22 31 37 54,,18,
2023-07-19,Powerball,Eve,7 19 7 10 11,13.0,,
2023-07-20,Powerball,Eve,7 20 1 4 5,6.0,,
2023-07-21,Powerball,,29 40 47 50 57,,25,
2023-07-22,Powerball,,25 27 36 37 63,,7,
2023-07-24,Powerball,,03 04 12 28 49,,25,
2023-07-25,Powerball,,03 05 06 44 61,,25,
2023-07-26,Powerball,,03 16 40 48 60,,14,
2023-07-28,Powerball,,05 10 28 52 63,,18,
2023-07-29,Powerball,Eve,7 29 6 11 22,26.0,,
2023-07-31,Powerball,Eve,7 31 9 14 22,24.0,,
2023-08-01,Powerball,Eve,8 1 9 1 10,1.0,,
2023-08-02,Powerball,Eve,8 2 12 16 19,25.0,,
2023-08-04,Powerball,,11 30 45 52 56,,20,
2023-08-05,Powerball,,18 42 44 62 65,,23,
2023-08-07,Powerball,,06 13 20 35 54,,22,
2023-08-08,Powerball,,13 19 20 32 33,,14,
2023-08-09,Powerball,,10 15 21 67 69,,3,
2023-08-11,Powerball,,08 09 18 35 41,,18,
2023-08-12,Powerball,,19 21 37 50 65,,26,
2023-08-14,Powerball,,32 34 37 39 47,,3,
2023-08-15,Powerball,,18 39 42 57 63,,7,
2023-08-16,Powerball,Eve,8 16 9 11 17,19.0,,
2023-08-18,Powerball,,10 20 29 44 66,,11,
2023-08-19,Powerball,,01 25 27 38 62,,13,
2023-08-21,Powerball,Eve,8 21 3 4 12,22.0,,
2023-08-22,Powerball,,01 12 26 36 50,,7,
2023-08-23,Powerball,,25 30 32 33 55,,20,
2023-08-25,Powerball,,12 23 26 31 38,,2,
2023-08-26,Powerball,,20 22 26 28 63,,5,
2023-08-28,Powerball,,04 06 25 55 68,,26,
2023-08-29,Powerball,,09 39 52 61 63,,25,
2023-08-30,Powerball,Eve,8 30 3 16 18,20.0,,
2023-09-01,Powerball,Eve,9 1 10 1 11,1.0,,
2023-09-02,Powerball,,25 38 42 66 67,,19,
2023-09-04,Powerball,,01 26 32 46 51,,13,
2023-09-05,Powerball,Eve,9 5 9 12 5,25.0,,
2023-09-06,Powerball,Eve,9 6 9 14 20,23.0,,
2023-09-08,Powerball,,03 12 17 51 62,,1,
2023-09-09,Powerball,,11 19 29 63 68,,25,
2023-09-11,Powerball,,09 25 27 53 66,,5,
2023-09-12,Powerball,,02 14 21 42 67,,18,
2023-09-13,Powerball,,22 30 37 44 45,,18,
2023-09-14,Powerball,Eve,9 14 9 14 1,1.0,,
2023-09-15,Powerball,Eve,9 15 2 4 21,24.0,,
2023-09-16,Powerball,Eve,9 16 8 11 19,24.0,,
2023-09-18,Powerball,,02 21 26 40 42,,9,
2023-09-19,Powerball,Eve,9 19 2 3 6,18.0,,
2023-09-20,Powerball,,16 27 59 62 63,,23,
2023-09-22,Powerball,,10 13 14 57 66,,3,
2023-09-23,Powerball,,01 12 20 33 66,,21,
2023-09-24,Powerball,Eve,9 24 6 10 9,1.0,,
2023-09-25,Powerball,Eve,40 9 25 1 39,3.0,,
2023-09-26,Powerball,Eve,9 26 8 9 12,24.0,,
2023-09-27,Powerball,,01 07 46 47 63,,7,
2023-09-29,Powerball,,18 40 47 55 64,,11,
2023-09-30,Powerball,Eve,9 30 10 13 15,23.0,,
2023-10-01,Powerball,Eve,10 1 11 1 12,1.0,,
2023-10-02,Powerball,,12 26 27 43 47,,5,
2023-10-03,Powerball,Eve,10 3 7 10 14,24.0,,
2023-10-04,Powerball,,09 35 54 63 64,,1,
2023-10-06,Powerball,,12 24 46 57 66,,22,
2023-10-07,Powerball,Eve,10 7 3 9 14,26.0,,
2023-10-09,Powerball,,16 34 46 55 67,,14,
2023-10-10,Powerball,,03 08 17 46 63,,7,
2023-10-11,Powerball,Eve,12 10 11 1 3,3.0,,
2023-10-13,Powerball,,06 18 44 46 68,,18,
2023-10-14,Powerball,,14 16 42 48 64,,14,
2023-10-15,Powerball,Eve,10 15 3 6 11,15.0,,
2023-10-16,Powerball,Eve,10 16 13 15 16,19.0,,
2023-10-17,Powerball,Eve,10 17 5 12 17,18.0,,
2023-10-18,Powerball,,01 04 13 35 58,,24,
2023-10-20,Powerball,,07 29 36 49 61,,22,
2023-10-21,Powerball,Eve,10 21 6 9 14,21.0,,
2023-10-23,Powerball,,18 21 25 46 64,,21,
2023-10-24,Powerball,,16 20 30 54 59,,7,
2023-10-25,Powerball,Eve,10 25 11 16 21,25.0,,
2023-10-27,Powerball,,11 32 43 57 70,,6,
2023-10-28,Powerball,,14 24 50 59 64,,2,
2023-10-30,Powerball,,19 22 34 66 69,,5,
2023-10-31,Powerball,,14 35 37 55 70,,15,
2023-11-01,Powerball,Eve,11 1 12 1 1,1.0,,
2023-11-03,Powerball,,15 32 38 47 65,,12,
2023-11-07,Powerball,Eve,11 7 11 7 1,1.0,,
2023-11-10,Powerball,,13 33 59 68 70,,8,
2023-11-14,Powerball,,29 35 59 61 69,,22,
2023-11-15,Powerball,Eve,11 15 19 21 22,26.0,,
2023-11-17,Powerball,,06 12 31 33 69,,17,
2023-11-21,Powerball,,17 22 25 30 38,,24,
2023-11-24,Powerball,,06 15 45 59 68,,1,
2023-11-26,Powerball,Eve,11 26 6 7 15,18.0,,
2023-11-28,Powerball,,27 37 42 59 61,,11,
2023-12-01,Powerball,Eve,12 1 1 1 2,1.0,,
2023-12-04,Powerball,Eve,12 4 5 12 14,24.0,,
2023-12-05,Powerball,,18 35 40 64 67,,18,
2023-12-08,Powerball,,21 26 53 66 70,,13,
2023-12-11,Powerball,Eve,12 11 5 6 7,26.0,,
2023-12-12,Powerball,,08 23 44 45 53,,3,
2023-12-15,Powerball,,10 20 28 40 54,,12,
2023-12-18,Powerball,,05 08 19 34 39,,26,
2023-12-19,Powerball,,17 26 50 58 61,,11,
2023-12-20,Powerball,,27 35 41 56 60,,16,
2023-12-22,Powerball,,10 26 36 54 69,,4,
2023-12-23,Powerball,Eve,12 23 9 14 17,18.0,,
2023-12-25,Powerball,Eve,12 25 5 12 20,24.0,,
2023-12-26,Powerball,,08 10 22 58 64,,21,
2023-12-27,Powerball,Eve,12 27 1 7 10,25.0,,
2023-12-29,Powerball,,11 27 30 62 70,,10,
2023-12-30,Powerball,,10 11 26 27 34,,7,
2023-12-31,Powerball,Eve,10 31 12 31 11,8.0,,
2024-01-01,Powerball,Eve,1 1 2 1 3,1.0,,
2024-01-02,Powerball,,03 18 27 29 64,,1,
2024-01-03,Powerball,,30 31 38 48 68,,8,
2024-01-05,Powerball,,05 23 26 38 44,,25,
2024-01-06,Powerball,,04 31 34 38 61,,13,
2024-01-08,Powerball,,07 17 28 40 45,,2,
2024-01-09,Powerball,Eve,1 9 2 9 13,25.0,,
2024-01-10,Powerball,,25 40 43 48 50,,11,
2024-01-12,Powerball,,19 34 35 45 67,,7,
2024-01-13,Powerball,Eve,1 13 5 17 23,25.0,,
2024-01-15,Powerball,,13 30 35 49 59,,4,
2024-01-16,Powerball,,02 10 42 49 54,,13,
2024-01-17,Powerball,,18 22 43 61 65,,2,
2024-01-18,Powerball,Eve,1 18 2 3 4,25.0,,
2024-01-19,Powerball,Eve,1 19 1 9 16,17.0,,
2024-01-20,Powerball,,16 31 34 47 65,,10,
2024-01-22,Powerball,,24 25 43 52 63,,21,
2024-01-23,Powerball,,21 28 58 69 70,,20,
2024-01-24,Powerball,,01 05 32 50 64,,8,
2024-01-26,Powerball,Eve,14 1 26 1 6,3.0,,
2024-01-27,Powerball,,07 38 65 66 68,,21,
2024-01-29,Powerball,,39 41 43 49 64,,4,
2024-01-30,Powerball,,03 05 16 58 59,,11,
2024-01-31,Powerball,,15 18 19 41 43,,14,
2024-02-01,Powerball,Eve,2 1 4 17 18,19.0,,
2024-02-02,Powerball,,11 22 42 64 69,,18,
2024-02-03,Powerball,,09 11 27 59 66,,19,
2024-02-05,Powerball,,01 02 27 30 67,,9,
2024-02-06,Powerball,Eve,2 6 2 3 13,22.0,,
2024-02-07,Powerball,,12 21 62 67 69,,17,
2024-02-09,Powerball,,17 22 29 46 69,,1,
2024-02-10,Powerball,,27 28 34 37 44,,8,
2024-02-12,Powerball,Eve,2 12 3 1 23,5.0,,
2024-02-13,Powerball,Eve,2 13 1 3 19,25.0,,
2024-02-14,Powerball,Eve,40 2 14 1 69,3.0,,
2024-02-16,Powerball,,19 23 39 42 67,,18,
2024-02-17,Powerball,,06 28 59 62 69,,21,
2024-02-19,Powerball,,04 23 45 50 53,,17,
2024-02-20,Powerball,Eve,14 2 20 1 43,3.0,,
2024-02-21,Powerball,,04 27 33 41 42,,14,
2024-02-23,Powerball,,04 06 40 41 60,,11,
2024-02-24,Powerball,,03 08 40 53 58,,3,
2024-02-26,Powerball,,24 29 42 51 54,,16,
2024-02-27,Powerball,,06 18 26 27 49,,4,
2024-02-28,Powerball,Eve,2 28 7 8 19,22.0,,
2024-02-29,Powerball,Eve,2 29 6 7 21,26.0,,
2024-03-01,Powerball,Eve,3 1 4 1 5,1.0,,
2024-03-02,Powerball,,03 18 27 36 53,,12,
2024-03-04,Powerball,,36 42 50 52 67,,26,
2024-03-05,Powerball,,02 49 50 61 70,,14,
2024-03-06,Powerball,,06 19 28 44 60,,10,
2024-03-08,Powerball,,19 20 22 47 58,,1,
2024-03-09,Powerball,,30 36 49 52 63,,16,
2024-03-11,Powerball,Eve,3 11 1 3 7,16.0,,
2024-03-12,Powerball,,02 16 31 57 64,,24,
2024-03-13,Powerball,,21 29 54 59 62,,4,
2024-03-15,Powerball,,13 25 50 51 66,,6,
2024-03-16,Powerball,,12 23 44 57 61,,5,
2024-03-18,Powerball,Eve,3 18 5 11 20,23.0,,
2024-03-19,Powerball,,24 46 49 62 66,,7,
2024-03-20,Powerball,,13 22 27 54 66,,9,
2024-03-22,Powerball,,03 08 31 35 44,,16,
2024-03-23,Powerball,,06 23 25 34 51,,3,
2024-03-25,Powerball,Eve,12 3 25 1 3,3.0,,
2024-03-26,Powerball,,07 11 22 29 38,,4,
2024-03-27,Powerball,Eve,3 27 11 1 9,7.0,,
2024-03-29,Powerball,,11 30 33 38 60,,16,
2024-03-30,Powerball,,12 13 33 50 52,,23,
2024-04-01,Powerball,Eve,4 1 5 1 6,1.0,,
2024-04-02,Powerball,,10 50 56 60 66,,19,
2024-04-03,Powerball,Eve,33 4 3 1 56,3.0,,
2024-04-05,Powerball,Eve,4 5 2 5 15,25.0,,
2024-04-06,Powerball,,22 27 44 52 69,,9,
2024-04-08,Powerball,,06 21 23 39 54,,23,
2024-04-09,Powerball,,34 43 51 52 69,,25,
2024-04-10,Powerball,Eve,4 10 6 7 12,24.0,,
2024-04-12,Powerball,Eve,4 12 1 12 14,18.0,,
2024-04-13,Powerball,,07 33 40 43 69,,10,
2024-04-15,Powerball,,07 16 41 56 61,,23,
2024-04-16,Powerball,,21 26 36 44 59,,2,
2024-04-17,Powerball,,24 29 44 47 54,,2,
2024-04-19,Powerball,Eve,4 19 3 27 11,1.0,,
2024-04-20,Powerball,,04 35 41 44 58,,25,
2024-04-22,Powerball,,12 16 33 39 52,,1,
2024-04-23,Powerball,,11 17 33 39 43,,14,
2024-04-24,Powerball,Eve,4 24 2 20 22,26.0,,
2024-04-26,Powerball,,15 23 53 57 61,,9,
2024-04-27,Powerball,,09 30 53 55 62,,23,
2024-04-29,Powerball,,11 38 47 67 69,,14,
2024-04-30,Powerball,,10 18 27 37 61,,5,
2024-05-01,Powerball,Eve,5 1 1 11 19,21.0,,
2024-05-02,Powerball,Eve,5 2 5 32 5,8.0,,
2024-05-03,Powerball,Eve,5 3 3 7 9,25.0,,
2024-05-04,Powerball,Eve,5 4 5 10 23,26.0,,
2024-05-06,Powerball,,07 23 24 56 60,,25,
2024-05-07,Powerball,,26 28 36 63 66,,15,
2024-05-08,Powerball,Eve,5 8 2 5 8,1.0,,
2024-05-10,Powerball,Eve,40 5 10 1 3,2.0,,
2024-05-11,Powerball,,03 06 39 49 67,,21,
2024-05-13,Powerball,Eve,5 13 1 8 19,22.0,,
2024-05-14,Powerball,,13 19 43 62 64,,6,
2024-05-15,Powerball,Eve,5 15 50 5 16,8.0,,
2024-05-16,Powerball,Eve,5 16 5 20 44,16.0,,
2024-05-17,Powerball,Eve,40 5 17 1 49,3.0,,
2024-05-18,Powerball,,19 36 37 42 59,,19,
2024-05-20,Powerball,,01 07 48 64 68,,5,
2024-05-21,Powerball,,02 05 08 28 69,,14,
2024-05-22,Powerball,Eve,5 22 5 16 18,26.0,,
2024-05-24,Powerball,,46 54 56 67 70,,16,
2024-05-25,Powerball,,06 33 35 36 64,,24,
2024-05-26,Powerball,Eve,5 26 3 15 24,26.0,,
2024-05-27,Powerball,Eve,5 27 2 14 16,22.0,,
2024-05-28,Powerball,Eve,5 28 1 3 21,23.0,,
2024-05-29,Powerball,,17 34 56 60 61,,9,
2024-05-31,Powerball,Eve,5 31 6 3 1,5.0,,
2024-06-01,Powerball,Eve,6 1 7 1 8,1.0,,
2024-06-03,Powerball,Eve,6 3 1 8 10,26.0,,
2024-06-04,Powerball,Eve,6 4 6 4 4,4.0,,
2024-06-05,Powerball,Eve,6 5 7 19 6,24.0,,
2024-06-07,Powerball,Eve,6 7 3 5 12,22.0,,
2024-06-08,Powerball,,08 38 52 54 64,,15,
2024-06-10,Powerball,Eve,6 10 8 6 5,6.0,,
2024-06-11,Powerball,Eve,6 11 1 5 7,22.0,,
2024-06-12,Powerball,,19 30 31 61 62,,21,
2024-06-14,Powerball,,01 25 26 31 65,,2,
2024-06-15,Powerball,,04 36 48 54 56,,2,
2024-06-17,Powerball,,30 48 53 58 66,,9,
2024-06-18,Powerball,Eve,6 18 6 10 12,19.0,,
2024-06-19,Powerball,,04 27 44 50 64,,7,
2024-06-21,Powerball,,03 18 27 40 44,,19,
2024-06-22,Powerball,,04 05 15 32 62,,21,
2024-06-24,Powerball,,05 06 36 53 69,,8,
2024-06-25,Powerball,,03 16 27 47 62,,8,
2024-06-26,Powerball,,04 09 36 47 56,,7,
2024-06-28,Powerball,,28 31 33 42 66,,24,
2024-06-29,Powerball,,26 51 54 61 69,,25,
2024-07-01,Powerball,Eve,7 1 8 1 9,1.0,,
2024-07-02,Powerball,,04 08 19 31 45,,11,
2024-07-03,Powerball,,02 26 33 55 57,,22,
2024-07-05,Powerball,,06 15 32 54 67,,4,
2024-07-06,Powerball,,05 32 35 39 49,,21,
2024-07-08,Powerball,,20 22 31 33 45,,1,
2024-07-09,Powerball,,21 26 54 60 64,,3,
2024-07-10,Powerball,,07 11 12 27 46,,26,
2024-07-12,Powerball,Eve,7 12 3 6 13,21.0,,
2024-07-13,Powerball,,09 55 59 66 69,,21,
2024-07-14,Powerball,Eve,7 14 13 19 21,25.0,,
2024-07-15,Powerball,,09 31 39 40 45,,23,
2024-07-16,Powerball,,05 35 42 58 66,,22,
2024-07-17,Powerball,,24 27 32 47 66,,26,
2024-07-19,Powerball,Eve,7 19 6 24 4,9.0,,
2024-07-20,Powerball,,18 25 31 40 57,,4,
2024-07-22,Powerball,,31 36 56 58 69,,20,
2024-07-23,Powerball,Eve,7 23 3 9 14,26.0,,
2024-07-24,Powerball,Eve,7 24 2 11 17,19.0,,
2024-07-26,Powerball,,02 14 33 58 65,,3,
2024-07-27,Powerball,,03 31 37 40 64,,17,
2024-07-29,Powerball,,11 27 30 33 44,,16,
2024-07-30,Powerball,,19 23 30 33 50,,25,
2024-07-31,Powerball,,23 34 37 50 58,,7,
2024-08-01,Powerball,Eve,8 1 9 1 10,1.0,,
2024-08-02,Powerball,,06 07 24 44 54,,13,
2024-08-03,Powerball,,13 33 40 60 61,,20,
2024-08-05,Powerball,,29 42 44 51 54,,12,
2024-08-06,Powerball,,23 29 36 61 70,,22,
2024-08-07,Powerball,,06 19 35 47 57,,9,
2024-08-09,Powerball,,12 32 38 40 57,,21,
2024-08-10,Powerball,Eve,8 10 8 13 20,25.0,,
2024-08-12,Powerball,,09 22 57 67 68,,14,
2024-08-13,Powerball,,34 55 59 65 70,,12,
2024-08-14,Powerball,,08 09 23 29 62,,13,
2024-08-16,Powerball,,22 38 48 51 61,,5,
2024-08-17,Powerball,,12 31 43 45 46,,22,
2024-08-19,Powerball,Eve,8 19 1 2 15,23.0,,
2024-08-20,Powerball,,05 20 26 49 51,,24,
2024-08-21,Powerball,,27 31 33 38 67,,3,
2024-08-23,Powerball,,28 30 44 66 69,,2,
2024-08-24,Powerball,Eve,8 24 5 15 21,24.0,,
2024-08-26,Powerball,,02 04 23 68 69,,15,
2024-08-27,Powerball,,16 18 21 54 65,,5,
2024-08-28,Powerball,,05 33 47 50 64,,20,
2024-08-30,Powerball,Eve,8 30 10 17 20,24.0,,
2024-08-31,Powerball,,04 34 35 38 69,,19,
2024-09-01,Powerball,Eve,9 1 10 1 11,1.0,,
2024-09-02,Powerball,,08 42 46 48 53,,22,
2024-09-03,Powerball,,12 41 43 52 55,,9,
2024-09-04,Powerball,,07 10 21 33 59,,20,
2024-09-06,Powerball,,06 23 41 59 63,,25,
2024-09-07,Powerball,Eve,9 7 2 12 19,25.0,,
2024-09-09,Powerball,,01 16 21 47 60,,5,
2024-09-10,Powerball,Eve,9 10 1 2 16,24.0,,
2024-09-11,Powerball,,10 12 55 65 67,,3,
2024-09-13,Powerball,,21 55 56 57 66,,1,
2024-09-14,Powerball,,29 34 38 48 56,,16,
2024-09-16,Powerball,,08 09 11 27 31,,17,
2024-09-17,Powerball,,14 31 48 57 64,,9,
2024-09-18,Powerball,,01 11 22 47 68,,7,
2024-09-20,Powerball,,20 21 40 49 55,,11,
2024-09-21,Powerball,,17 19 21 37 45,,14,
2024-09-23,Powerball,,15 21 25 37 45,,19,
2024-09-24,Powerball,Eve,9 24 1 6 10,23.0,,
2024-09-25,Powerball,,02 26 45 46 52,,21,
2024-09-27,Powerball,,29 46 53 69 70,,23,
2024-09-28,Powerball,Eve,9 28 3 11 13,24.0,,
2024-09-29,Powerball,Eve,9 29 1 5 8,16.0,,
2024-09-30,Powerball,,09 11 30 43 69,,20,
2024-10-01,Powerball,Eve,10 1 11 1 12,1.0,,
2024-10-02,Powerball,,01 02 21 37 43,,21,
2024-10-04,Powerball,,21 39 42 43 45,,3,
2024-10-05,Powerball,,02 12 46 52 65,,3,
2024-10-07,Powerball,,18 30 31 52 63,,22,
2024-10-08,Powerball,Eve,10 8 3 19 20,22.0,,
2024-10-09,Powerball,,25 32 43 53 66,,10,
2024-10-11,Powerball,,03 10 29 52 57,,20,
2024-10-12,Powerball,Eve,10 12 13 17 18,26.0,,
2024-10-14,Powerball,,14 18 33 64 67,,14,
2024-10-15,Powerball,Eve,10 15 3 10 24,26.0,,
2024-10-16,Powerball,,04 30 39 44 60,,11,
2024-10-18,Powerball,,04 09 26 39 58,,23,
2024-10-19,Powerball,Eve,10 19 7 9 17,23.0,,
2024-10-21,Powerball,,01 25 57 62 64,,15,
2024-10-22,Powerball,,08 43 48 58 60,,4,
2024-10-23,Powerball,,02 15 27 29 39,,20,
2024-10-25,Powerball,,23 26 35 41 43,,7,
2024-10-26,Powerball,,08 12 40 45 51,,15,
2024-10-28,Powerball,,21 27 32 48 67,,17,
2024-10-29,Powerball,,16 22 26 36 56,,1,
2024-10-30,Powerball,,13 22 29 43 58,,22,
2024-11-01,Powerball,Eve,11 1 12 1 1,1.0,,
2024-11-02,Powerball,,10 45 48 58 61,,2,
2024-11-04,Powerball,,06 18 33 48 53,,21,
2024-11-05,Powerball,,02 24 25 52 58,,9,
2024-11-06,Powerball,Eve,11 6 17 18 20,26.0,,
2024-11-08,Powerball,,25 28 42 64 69,,19,
2024-11-09,Powerball,,11 24 50 56 66,,16,
2024-11-11,Powerball,,03 21 24 34 46,,9,
2024-11-12,Powerball,,18 31 33 64 68,,17,
2024-11-13,Powerball,,09 20 26 43 58,,9,
2024-11-15,Powerball,,05 17 35 55 69,,19,
2024-11-16,Powerball,,21 22 25 32 38,,16,
2024-11-18,Powerball,,27 31 41 52 69,,26,
2024-11-19,Powerball,,05 35 50 51 59,,8,
2024-11-20,Powerball,,16 30 60 62 64,,25,
2024-11-22,Powerball,Eve,11 22 4 5 12,15.0,,
2024-11-23,Powerball,,12 13 34 44 67,,8,
2024-11-25,Powerball,,05 35 45 60 63,,12,
2024-11-26,Powerball,,05 22 24 39 42,,3,
2024-11-27,Powerball,Eve,11 27 1 6 7,13.0,,
2024-11-29,Powerball,,03 29 34 37 38,,17,
2024-11-30,Powerball,,04 24 29 39 63,,25,
2024-12-01,Powerball,Eve,12 1 1 1 2,1.0,,
2024-12-02,Powerball,,03 09 26 61 67,,13,
2024-12-03,Powerball,,52 60 61 66 67,,23,
2024-12-04,Powerball,,01 23 25 28 61,,13,
2024-12-06,Powerball,,16 21 33 39 45,,24,
2024-12-07,Powerball,,01 31 43 55 57,,22,
2024-12-09,Powerball,,35 37 40 45 51,,24,
2024-12-10,Powerball,Eve,12 10 3 12 13,14.0,,
2024-12-11,Powerball,Eve,12 11 6 14 20,21.0,,
2024-12-13,Powerball,,36 43 52 58 65,,16,
2024-12-14,Powerball,,12 17 23 52 67,,1,
2024-12-16,Powerball,,09 30 33 57 61,,17,
2024-12-17,Powerball,,56 66 67 68 69,,18,
2024-12-18,Powerball,,06 15 18 33 49,,7,
2024-12-20,Powerball,,02 20 51 56 67,,19,
2024-12-21,Powerball,Eve,12 21 1 12 17,21.0,,
2024-12-23,Powerball,,22 42 44 57 64,,18,
2024-12-24,Powerball,,11 14 38 45 46,,3,
2024-12-25,Powerball,,15 26 27 30 35,,3,
2024-12-27,Powerball,,03 07 37 49 55,,6,
2024-12-28,Powerball,,06 31 51 54 55,,12,
2024-12-30,Powerball,,09 19 33 38 39,,1,
2024-12-31,Powerball,,13 22 27 29 35,,1,
2025-01-01,Powerball,Eve,1 1 10 11 13,18.0,,
2025-01-03,Powerball,,20 42 46 59 69,,19,
2025-01-04,Powerball,,26 32 43 54 56,,24,
2025-01-06,Powerball,Eve,1 6 14 15 16,22.0,,
2025-01-07,Powerball,,20 24 33 39 48,,18,
2025-01-08,Powerball,,01 20 36 38 43,,24,
2025-01-10,Powerball,,09 23 39 65 66,,22,
2025-01-11,Powerball,,03 06 32 37 65,,4,
2025-01-13,Powerball,Eve,1 13 3 7 10,22.0,,
2025-01-14,Powerball,Eve,1 14 2 7 17,20.0,,
2025-01-15,Powerball,,08 41 52 53 58,,7,
2025-01-17,Powerball,Eve,1 17 13 14 24,26.0,,
2025-01-18,Powerball,Eve,1 18 4 21 22,25.0,,
2025-01-20,Powerball,,15 16 32 47 54,,6,
2025-01-22,Powerball,,05 06 27 40 49,,5,
2025-01-25,Powerball,Eve,1 25 3 2 6,1.0,,
2025-01-26,Powerball,Eve,1 26 2 2 5,2.0,,
2025-01-27,Powerball,Eve,1 27 7 9 3,1.0,,
2025-01-28,Powerball,Eve,1 28 6 7 1,1.0,,
2025-01-29,Powerball,Eve,1 29 9 2 1,1.0,,
2025-01-30,Powerball,Eve,1 30 8 9 2,1.0,,
2025-01-31,Powerball,Eve,1 31 5 2 7,2.0,,
2025-02-01,Powerball,Eve,2 1 3 1 4,1.0,,
2025-02-03,Powerball,Eve,2 3 8 9 15,25.0,,
2025-02-04,Powerball,Eve,2 4 16 19 22,26.0,,
2025-02-05,Powerball,,19 27 30 50 62,,14,
2025-02-06,Powerball,Eve,2 6 4 22 4,19.0,,
2025-02-08,Powerball,,23 44 57 60 62,,9,
2025-02-10,Powerball,Eve,2 10 13 15 17,20.0,,
2025-02-11,Powerball,Eve,2 11 8 20 24,1.0,,
2025-02-12,Powerball,,21 32 36 45 49,,18,
2025-02-15,Powerball,,03 16 45 54 56,,12,
2025-02-17,Powerball,,04 44 47 52 57,,9,
2025-02-19,Powerball,,06 21 28 49 60,,20,
2025-02-22,Powerball,,07 18 22 50 65,,15,
2025-02-24,Powerball,,10 11 34 59 68,,14,
2025-02-26,Powerball,,28 48 55 60 62,,20,
2025-03-01,Powerball,Eve,3 1 4 1 5,1.0,,
2025-03-03,Powerball,,18 20 50 52 56,,20,
2025-03-05,Powerball,,24 28 40 63 65,,20,
2025-03-08,Powerball,Eve,3 8 2 4 16,23.0,,
2025-03-10,Powerball,,17 40 47 50 55,,6,
2025-03-12,Powerball,,11 13 28 51 58,,1,
2025-03-15,Powerball,,12 28 33 36 54,,5,
2025-03-17,Powerball,,11 18 23 38 60,,9,
2025-03-19,Powerball,,08 11 21 49 59,,15,
2025-03-20,Powerball,Eve,3 20 2 10 13,25.0,,
2025-03-21,Powerball,Eve,3 21 1 7 9,11.0,,
2025-03-22,Powerball,,06 07 25 46 57,,12,
2025-03-24,Powerball,,06 23 35 36 47,,12,
2025-03-25,Powerball,Eve,3 25 11 17 18,19.0,,
2025-03-26,Powerball,,05 20 29 39 53,,6,
2025-03-27,Powerball,Eve,3 27 2 3 12,25.0,,
2025-03-29,Powerball,,07 11 21 53 61,,2,
2025-03-31,Powerball,,12 41 44 52 64,,25,
2025-04-01,Powerball,Eve,4 1 5 1 6,1.0,,
2025-04-02,Powerball,,05 17 41 64 69,,1,
2025-04-05,Powerball,,04 23 30 46 62,,2,
2025-04-07,Powerball,,20 23 48 59 66,,4,
2025-04-08,Powerball,Eve,4 8 1 3 5,16.0,,
2025-04-09,Powerball,,04 29 37 55 67,,10,
2025-04-11,Powerball,Eve,4 11 12 15 22,24.0,,
2025-04-12,Powerball,,16 22 44 45 53,,19,
2025-04-14,Powerball,,03 20 30 52 62,,1,
2025-04-16,Powerball,,20 24 42 43 49,,19,
2025-04-18,Powerball,Eve,4 18 3 9 2,4.0,,
2025-04-19,Powerball,Eve,4 19 8 40 34,4.0,,
2025-04-21,Powerball,Eve,4 21 8 18 1,5.0,,
2025-04-22,Powerball,Eve,4 22 3 7 16,26.0,,
2025-04-23,Powerball,,15 44 63 66 69,,20,
2025-04-26,Powerball,Eve,4 26 1 12 14,18.0,,
2025-04-28,Powerball,,26 43 51 56 60,,24,
2025-04-30,Powerball,,01 02 03 57 59,,9,
2025-05-01,Powerball,Eve,5 1 2 6 1,2.0,,
2025-05-02,Powerball,Eve,5 2 4 4 1,5.0,,
2025-05-03,Powerball,Eve,5 3 2 10 11,22.0,,
2025-05-04,Powerball,Eve,5 4 4 7 11,15.0,,
2025-05-05,Powerball,Eve,5 5 6 11 12,20.0,,
2025-05-06,Powerball,Eve,5 6 6 5 7,2.0,,
2025-05-07,Powerball,Eve,5 7 3 1 4,1.0,,
2025-05-08,Powerball,Eve,5 8 6 4 1,5.0,,
2025-05-09,Powerball,Eve,5 9 6 12 22,26.0,,
2025-05-10,Powerball,Eve,5 10 6 7 12,19.0,,
2025-05-11,Powerball,Eve,5 11 6 1 6,1.0,,
2025-05-12,Powerball,Eve,5 12 1 2 5,3.0,,
2025-05-13,Powerball,Eve,5 13 3 11 13,19.0,,
2025-05-14,Powerball,Eve,5 14 13 18 24,26.0,,
2025-05-15,Powerball,Eve,5 15 1 10 11,18.0,,
2025-05-16,Powerball,Eve,5 16 6 13 15,25.0,,
2025-05-17,Powerball,Eve,5 17 18 21 23,24.0,,
2025-05-18,Powerball,Eve,5 18 3 9 10,11.0,,
2025-05-19,Powerball,Eve,5 19 7 7 3,5.0,,
2025-05-20,Powerball,Eve,5 20 8 9 15,24.0,,
2025-05-21,Powerball,,09 29 31 34 43,,2,
2025-05-22,Powerball,Eve,5 22 1 7 20,21.0,,
2025-05-23,Powerball,Eve,5 23 6 5 5,5.0,,
2025-05-24,Powerball,Eve,5 24 1 3 11,17.0,,
2025-05-25,Powerball,Eve,5 25 16 18 23,26.0,,
2025-05-26,Powerball,Eve,5 26 4 10 21,25.0,,
2025-05-27,Powerball,Eve,5 27 2 4 12,15.0,,
2025-05-28,Powerball,Eve,5 28 3 4 7,1.0,,
2025-05-29,Powerball,Eve,5 29 8 5 1,5.0,,
2025-05-30,Powerball,Eve,5 30 13 15 17,24.0,,
2025-05-31,Powerball,Eve,5 31 11 16 22,23.0,,
2025-06-01,Powerball,Eve,6 1 7 1 8,1.0,,
2025-06-02,Powerball,,01 07 44 57 61,,21,
2025-06-04,Powerball,Eve,6 4 6 4 2,2.0,,
2025-06-05,Powerball,Eve,6 5 5 6 5,6.0,,
2025-06-06,Powerball,Eve,6 6 3 6 15,26.0,,
2025-06-07,Powerball,,31 36 43 48 62,,25,
2025-06-09,Powerball,,30 33 40 43 52,,25,
2025-06-11,Powerball,,13 25 29 37 53,,3,
2025-06-12,Powerball,Eve,6 12 9 16 19,22.0,,
2025-06-14,Powerball,Eve,6 14 4 6 9,23.0,,
2025-06-15,Powerball,Eve,6 15 5 21 23,26.0,,
2025-06-16,Powerball,,17 21 23 27 52,,19,
2025-06-18,Powerball,,23 29 50 64 67,,11,
2025-06-21,Powerball,,03 16 32 52 62,,24,
2025-06-23,Powerball,Eve,6 23 2 11 18,24.0,,
2025-06-25,Powerball,,02 12 37 51 61,,22,
2025-06-26,Powerball,Eve,6 26 9 12 15,19.0,,
2025-06-27,Powerball,Eve,6 27 9 14 18,20.0,,
2025-06-28,Powerball,,04 35 43 52 62,,12,
2025-06-30,Powerball,,13 28 44 52 55,,6,
2025-07-01,Powerball,Eve,7 1 8 1 9,1.0,,
2025-07-02,Powerball,Eve,7 2 6 19 20,22.0,,
2025-07-04,Powerball,Eve,7 4 4 5 7,11.0,,
2025-07-05,Powerball,,01 28 34 50 58,,8,
2025-07-07,Powerball,,33 35 58 61 69,,25,
2025-07-08,Powerball,Eve,7 8 2 11 13,14.0,,
2025-07-09,Powerball,,05 09 25 28 69,,5,
2025-07-12,Powerball,,08 16 24 33 54,,18,
2025-07-14,Powerball,,08 12 45 46 63,,24,
2025-07-16,Powerball,,04 21 43 48 49,,22,
2025-07-18,Powerball,Eve,7 18 1 10 20,23.0,,
2025-07-19,Powerball,,28 48 51 61 69,,20,
2025-07-21,Powerball,,08 11 28 33 42,,2,
2025-07-23,Powerball,Eve,7 23 2 18 19,25.0,,
2025-07-24,Powerball,Eve,7 24 1 12 14,20.0,,
2025-07-26,Powerball,,08 31 57 65 67,,23,
2025-07-28,Powerball,,07 35 36 43 62,,3,
2025-07-30,Powerball,,04 15 35 50 64,,8,
2025-08-01,Powerball,Eve,8 1 9 1 10,1.0,,
2025-08-02,Powerball,,06 18 34 35 36,,2,
2025-08-04,Powerball,,08 09 19 31 38,,21,
2025-08-06,Powerball,,15 27 43 45 53,,9,
2025-08-09,Powerball,Eve,8 9 7 14 23,24.0,,
2025-08-11,Powerball,,06 16 33 40 62,,2,
2025-08-13,Powerball,,04 11 40 44 50,,4,
2025-08-16,Powerball,,23 40 49 65 69,,23,
2025-08-18,Powerball,Eve,8 18 3 14 22,24.0,,
2025-08-20,Powerball,,31 59 62 65 68,,5,
2025-08-23,Powerball,,11 14 34 47 51,,18,
2025-08-25,Powerball,Eve,8 25 2 1 8,3.0,,
2025-08-26,Powerball,Eve,8 26 2 8 7,1.0,,
2025-08-27,Powerball,Eve,8 27 1 7 6,1.0,,
2025-08-28,Powerball,Eve,8 28 6 7 5,1.0,,
2025-08-29,Powerball,Eve,8 29 8 3 4,1.0,,
2025-08-30,Powerball,Eve,8 30 9 8 3,8.0,,
2025-08-31,Powerball,Eve,8 31 2 1 3,6.0,,
2025-09-01,Powerball,Eve,9 1 10 1 11,1.0,,
2025-09-03,Powerball,,03 16 29 61 69,,22,
2025-09-06,Powerball,,11 23 44 61 62,,17,
2025-09-08,Powerball,,26 28 41 53 64,,9,
2025-09-10,Powerball,,02 24 45 53 64,,5,
2025-09-13,Powerball,,28 37 42 50 53,,19,
2025-09-14,Powerball,Eve,9 14 8 13 14,26.0,,
2025-09-15,Powerball,,14 15 32 42 49,,1,
2025-09-17,Powerball,,07 30 50 54 62,,20,
2025-09-20,Powerball,Eve,9 20 9 11 20,24.0,,
2025-09-22,Powerball,Eve,9 22 3 5 6,10.0,,
2025-09-24,Powerball,,15 31 45 49 53,,19,
2025-09-27,Powerball,,10 16 32 61 66,,4,
2025-09-29,Powerball,,01 03 27 60 65,,16,
2025-10-01,Powerball,Eve,10 1 11 1 12,1.0,,
2025-10-04,Powerball,,03 07 47 67 68,,2,
2025-10-06,Powerball,,28 29 32 66 67,,3,
2025-10-08,Powerball,,08 10 44 48 54,,14,
2025-10-11,Powerball,Eve,10 11 13 16 18,20.0,,
2025-10-13,Powerball,,13 14 32 52 64,,12,
2025-10-15,Powerball,,10 13 28 34 47,,15,
2025-10-18,Powerball,,03 11 27 40 58,,10,
2025-10-20,Powerball,,32 38 66 67 69,,19,
2025-10-22,Powerball,,18 37 52 54 60,,12,
2025-10-25,Powerball,Eve,10 25 5 6 12,19.0,,
2025-10-27,Powerball,,17 39 43 51 66,,20,
2025-10-29,Powerball,,04 24 49 60 65,,1,
2025-11-01,Powerball,Eve,11 1 1 5 1,5.0,,
2025-11-02,Powerball,Eve,11 2 2 8 2,3.0,,
2025-11-03,Powerball,Eve,11 3 7 8 8,1.0,,
2025-11-04,Powerball,Eve,11 4 2 2 6,1.0,,
2025-11-05,Powerball,Eve,11 5 1 9 2,11.0,,
2025-11-06,Powerball,Eve,11 6 3 1 11,6.0,,
2025-11-07,Powerball,Eve,11 7 8 1 1,3.0,,
2025-11-08,Powerball,Eve,11 8 4 4 4,6.0,,
2025-11-09,Powerball,Eve,11 9 6 3 9,1.0,,
2025-11-10,Powerball,Eve,11 10 2 3 9,2.0,,
2025-11-11,Powerball,Eve,11 11 3 3 4,1.0,,
2025-11-12,Powerball,Eve,11 12 5 5 9,11.0,,
2025-11-13,Powerball,Eve,11 13 5 9 4,1.0,,
2025-11-14,Powerball,Eve,11 14 6 5 1,11.0,,
2025-11-15,Powerball,Eve,11 15 6 2 11,15.0,,
2025-11-16,Powerball,Eve,11 16 5 2 8,1.0,,
2025-11-17,Powerball,Eve,11 17 2 5 8,1.0,,
2025-11-18,Powerball,Eve,11 18 3 8 1,11.0,,
2025-11-19,Powerball,Eve,11 19 1 2 2,5.0,,
2025-11-20,Powerball,Eve,11 20 9 8 1,11.0,,
2025-11-21,Powerball,Eve,11 21 6 8 7,2.0,,
2025-11-22,Powerball,Eve,11 22 3 1 2,11.0,,
2025-11-23,Powerball,Eve,11 23 9 8 7,1.0,,
2025-11-24,Powerball,Eve,11 24 5 1 9,1.0,,
2025-11-25,Powerball,Eve,11 25 1 8 1,11.0,,
2025-11-26,Powerball,Eve,11 26 2 4 1,11.0,,
2025-11-27,Powerball,Eve,11 27 6 1 6,1.0,,
2025-11-28,Powerball,Eve,11 28 7 5 8,1.0,,
2025-11-29,Powerball,Eve,11 29 4 7 1,11.0,,
2025-11-30,Powerball,Eve,11 30 8 1 2,11.0,,
2025-12-01,Powerball,Eve,12 1 8 5 8,12.0,,
2025-12-02,Powerball,Eve,12 2 6 4 6,1.0,,
2025-12-03,Powerball,Eve,12 3 4 7 1,12.0,,
2025-12-04,Powerball,Eve,12 4 7 2 4,1.0,,
2025-12-05,Powerball,Eve,12 5 9 8 1,12.0,,
2025-12-06,Powerball,Eve,12 6 7 2 9,1.0,,
2025-12-07,Powerball,Eve,12 7 2 8 3,2.0,,
2025-12-08,Powerball,Eve,12 8 7 12 8,4.0,,
2025-12-09,Powerball,Eve,12 9 1 5 1,12.0,,
2025-12-10,Powerball,Eve,12 10 7 9 1,12.0,,
2025-12-11,Powerball,Eve,12 11 4 7 8,1.0,,
2025-12-12,Powerball,Eve,12 12 2 8 4,2.0,,
2025-12-13,Powerball,Eve,12 13 7 2 2,1.0,,
2025-12-14,Powerball,Eve,12 14 5 8 9,12.0,,
2025-12-15,Powerball,Eve,12 15 6 7 9,3.0,,
2025-12-16,Powerball,Eve,12 16 8 8 1,2.0,,
2025-12-17,Powerball,Eve,12 17 2 2 4,1.0,,
2025-12-18,Powerball,Eve,12 18 3 3 5,12.0,,
2025-12-19,Powerball,Eve,12 19 5 3 7,2.0,,
2025-12-20,Powerball,Eve,12 20 9 5 2,1.0,,
2025-12-21,Powerball,Eve,12 21 9 7 9,12.0,,
2025-12-22,Powerball,Eve,12 22 5 8 7,1.0,,
2025-12-23,Powerball,Eve,12 23 5 6 9,21.0,,
2025-12-24,Powerball,Eve,12 24 4 17 18,21.0,,
2025-12-25,Powerball,Eve,12 25 3 2 8,3.0,,
2025-12-26,Powerball,Eve,12 26 2 4 10,13.0,,
2025-12-27,Powerball,Eve,12 27 10 12 21,22.0,,
2025-12-28,Powerball,Eve,12 28 9 1 3,12.0,,
2025-12-29,Powerball,Eve,12 29 6 6 6,12.0,,
2025-12-30,Powerball,Eve,12 30 1 9 4,5.0,,
2025-12-31,Powerball,Eve,12 31 11 18 21,24.0,,
